GEN UID,Bus ID,Gen ID,Unit Group,Unit Type,Fuel,MW Inj,MVAR Inj,V Setpoint p.u.,PMax MW,PMin MW,QMax MVAR,QMin MVAR,Min Down Time Hr,Min Up Time Hr,Ramp Rate MW/Min,Start Time Cold Hr,Start Time Hot Hr,Start Time Warm Hr,Start Heat Cold MBTU,Start Heat Hot MBTU,FOR,MTTF Hr,MTTR Hr,Scheduled Maint Weeks,Fuel Price $/MMBTU,Output_pct_0,Output_pct_1,Output_pct_2,Output_pct_3,Inc_Heat_Rate_0,Inc_Heat_Rate_1,Inc_Heat_Rate_2,Inc_Heat_Rate_3,Net_Heat_Rate_0,Net_Heat_Rate_1,Net_Heat_Rate_2,Net_Heat_Rate_3,Fuel Sulfur Content %,Emissions SO2 Lbs/MMBTU,Emissions NOX Lbs/MMBTU,Emissions Part Lbs/MMBTU,Emissions CO2 Lbs/MMBTU,Emissions CH4 Lbs/MMBTU,Emissions N2O Lbs/MMBTU,Emissions CO Lbs/MMBTU,Emissions VOCs Lbs/MMBTU,Damping Ratio,Inertia MJ/MW,Base MVA,Transformer X p.u.,Unit X p.u.
101_CT_1,101,1,U20,CT,Oil,10.0,0.0,1.035,20.0,8.0,10.0,0.0,1.0,1.0,3.0,0.0,0.0,1.0,5.0,5.0,0.1,450.0,50.0,2.0,10.3494,0.79,0.8,0.99,1.0,9859.0,10139.0,14272.0,14427.0,15063.0,15000.0,14500.0,14499.0,0.2,0.2,0.5,0.036,160.0,0.002,0.004,0.11,0.04,0.0,2.8,24.0,0.13,0.32
101_CT_2,101,2,U20,CT,Oil,10.0,0.0,1.035,20.0,8.0,10.0,0.0,1.0,1.0,3.0,0.0,0.0,1.0,5.0,5.0,0.1,450.0,50.0,2.0,10.3494,0.79,0.8,0.99,1.0,9859.0,10139.0,14272.0,14427.0,15063.0,15000.0,14500.0,14499.0,0.2,0.2,0.5,0.036,160.0,0.002,0.004,0.11,0.04,0.0,2.8,24.0,0.13,0.32
101_STEAM_3,101,3,U76,STEAM,Coal,76.0,14.1,1.035,76.0,30.0,30.0,-25.0,4.0,8.0,2.0,12.0,3.0,10.0,5284.8,3379.4,0.02,1960.0,40.0,3.0,2.11399,0.2,0.5,0.8,1.0,9548.0,9966.0,11576.0,13311.0,17107.0,12637.0,11900.0,12000.0,Unit-specific,Unit-specific,Unit-specific,Unit-specific,210.0,0.001,0.004,0.02,0.003,0.0,3.0,89.0,0.13,0.3
101_STEAM_4,101,4,U76,STEAM,Coal,76.0,14.1,1.035,76.0,30.0,30.0,-25.0,4.0,8.0,2.0,12.0,3.0,10.0,5284.8,3379.4,0.02,1960.0,40.0,3.0,2.11399,0.2,0.5,0.8,1.0,9548.0,9966.0,11576.0,13311.0,17107.0,12637.0,11900.0,12000.0,Unit-specific,Unit-specific,Unit-specific,Unit-specific,210.0,0.001,0.004,0.02,0.003,0.0,3.0,89.0,0.13,0.3
102_CT_1,102,1,U20,CT,Oil,10.0,0.0,1.035,20.0,8.0,10.0,0.0,1.0,1.0,3.0,0.0,0.0,1.0,5.0,5.0,0.1,450.0,50.0,2.0,10.3494,0.79,0.8,0.99,1.0,9859.0,10139.0,14272.0,14427.0,15063.0,15000.0,14500.0,14499.0,0.2,0.2,0.5,0.036,160.0,0.002,0.004,0.11,0.04,0.0,2.8,24.0,0.13,0.32
102_CT_2,102,2,U20,CT,Oil,10.0,0.0,1.035,20.0,8.0,10.0,0.0,1.0,1.0,3.0,0.0,0.0,1.0,5.0,5.0,0.1,450.0,50.0,2.0,10.3494,0.79,0.8,0.99,1.0,9859.0,10139.0,14272.0,14427.0,15063.0,15000.0,14500.0,14499.0,0.2,0.2,0.5,0.036,160.0,0.002,0.004,0.11,0.04,0.0,2.8,24.0,0.13,0.32
102_STEAM_3,102,3,U76,STEAM,Coal,76.0,7.0,1.035,76.0,30.0,30.0,-25.0,4.0,8.0,2.0,12.0,3.0,10.0,5284.8,3379.4,0.02,1960.0,40.0,3.0,2.11399,0.2,0.5,0.8,1.0,9548.0,9966.0,11576.0,13311.0,17107.0,12637.0,11900.0,12000.0,Unit-specific,Unit-specific,Unit-specific,Unit-specific,210.0,0.001,0.004,0.02,0.003,0.0,3.0,89.0,0.13,0.3
102_STEAM_4,102,4,U76,STEAM,Coal,76.0,7.0,1.035,76.0,30.0,30.0,-25.0,4.0,8.0,2.0,12.0,3.0,10.0,5284.8,3379.4,0.02,1960.0,40.0,3.0,2.11399,0.2,0.5,0.8,1.0,9548.0,9966.0,11576.0,13311.0,17107.0,12637.0,11900.0,12000.0,Unit-specific,Unit-specific,Unit-specific,Unit-specific,210.0,0.001,0.004,0.02,0.003,0.0,3.0,89.0,0.13,0.3
107_CC_1,107,1,U355,CC,NG,355.0,71.78,1.05,355.0,170.0,150.0,-25.0,4.5,8.0,4.14,2.0,0.5,1.0,7215.1,3196.6,0.033,1000.0,24.0,1.07,3.88722,0.63,0.7,0.91,1.0,5514.0,6000.0,6859.0,8972.0,13249.0,12476.0,10981.0,10610.0,0,0.0006,0.079999998,0,118.0,0.0,0.0,0.0,0.0,0.0,5.0,414.0,0.13,0.3
113_CT_1,113,1,U55,CT,NG,55.0,11.0,1.028,55.0,22.0,19.0,-15.0,2.2,2.2,3.7,1.0,0.25,0.75,1457.4,452.8,0.031,500.0,51.0,0.79,3.88722,0.6,0.65,0.85,1.0,9712.0,10300.0,10334.0,11386.0,13954.0,13628.0,12831.0,12468.0,0,0.0006,0.079999998,0,118.0,0.0,0.0,0.0,0.0,0.0,2.8,64.0,0.13,0.32
113_CT_2,113,2,U55,CT,NG,55.0,11.0,1.028,55.0,22.0,19.0,-15.0,2.2,2.2,3.7,1.0,0.25,0.75,1457.4,452.8,0.031,500.0,51.0,0.79,3.88722,0.6,0.65,0.85,1.0,9712.0,10300.0,10334.0,11386.0,13954.0,13628.0,12831.0,12468.0,0,0.0006,0.079999998,0,118.0,0.0,0.0,0.0,0.0,0.0,2.8,64.0,0.13,0.32
113_CT_3,113,3,U55,CT,NG,55.0,11.0,1.028,55.0,22.0,19.0,-15.0,2.2,2.2,3.7,1.0,0.25,0.75,1457.4,452.8,0.031,500.0,51.0,0.79,3.88722,0.6,0.65,0.85,1.0,9712.0,10300.0,10334.0,11386.0,13954.0,13628.0,12831.0,12468.0,0,0.0006,0.079999998,0,118.0,0.0,0.0,0.0,0.0,0.0,2.8,64.0,0.13,0.32
113_CT_4,113,4,U55,CT,NG,55.0,11.0,1.028,55.0,22.0,19.0,-15.0,2.2,2.2,3.7,1.0,0.25,0.75,1457.4,452.8,0.031,500.0,51.0,0.79,3.88722,0.6,0.65,0.85,1.0,9712.0,10300.0,10334.0,11386.0,13954.0,13628.0,12831.0,12468.0,0,0.0006,0.079999998,0,118.0,0.0,0.0,0.0,0.0,0.0,2.8,64.0,0.13,0.32
114_SYNC_COND_1,114,1,Sync_Cond,SYNC_COND,Sync_Cond,0.0,13.7,0.98,0.0,0.0,200.0,-50.0,0.0,0.0,0.0,0.0,0.0,0.0,0.0,0.0,0.0,0.0,0.0,0.0,0.0,0.0,0.0,0.0,0.0,0.0,0.0,0.0,0.0,0.0,0.0,0.0,0.0,0,0,0,0,0.0,0.0,0.0,0.0,0.0,0.0,0.0,0.0,0.0,0.0
115_STEAM_1,115,1,U12,STEAM,Oil,12.0,0.0,1.014,12.0,5.0,6.0,0.0,2.0,4.0,1.0,4.0,2.0,12.0,68.0,38.0,0.02,2940.0,60.0,2.0,10.3494,0.2,0.5,0.8,1.0,10179.0,10330.0,11668.0,13219.0,16017.0,12500.0,11900.0,12000.0,Unit-Specific,Unit-specific,0.5,0.1,170.0,0.002,0.004,0.04,0.007,0.0,2.8,14.0,0.13,0.32
115_STEAM_2,115,2,U12,STEAM,Oil,12.0,0.0,1.014,12.0,5.0,6.0,0.0,2.0,4.0,1.0,4.0,2.0,12.0,68.0,38.0,0.02,2940.0,60.0,2.0,10.3494,0.2,0.5,0.8,1.0,10179.0,10330.0,11668.0,13219.0,16017.0,12500.0,11900.0,12000.0,Unit-Specific,Unit-specific,0.5,0.1,170.0,0.002,0.004,0.04,0.007,0.0,2.8,14.0,0.13,0.32
115_STEAM_3,115,3,U155,STEAM,Coal,155.0,0.05,1.014,155.0,62.0,80.0,-50.0,8.0,8.0,3.0,11.0,3.0,60.0,10778.1,6892.1,0.04,960.0,40.0,4.0,2.11399,0.35,0.6,0.8,1.0,8265.0,8541.0,8900.0,9381.0,11244.0,10053.0,9718.0,9600.0,Unit-specific,Unit-specific,Unit-specific,Unit-specific,210.0,0.001,0.004,0.02,0.003,0.0,3.0,182.0,0.13,0.3
116_STEAM_1,116,1,U155,STEAM,Coal,155.0,25.22,1.017,155.0,62.0,80.0,-50.0,8.0,8.0,3.0,11.0,3.0,60.0,10778.1,6892.1,0.04,960.0,40.0,4.0,2.11399,0.35,0.6,0.8,1.0,8265.0,8541.0,8900.0,9381.0,11244.0,10053.0,9718.0,9600.0,Unit-specific,Unit-specific,Unit-specific,Unit-specific,210.0,0.001,0.004,0.02,0.003,0.0,3.0,182.0,0.13,0.3
118_CC_1,118,1,U355,CC,NG,350.0,71.78,1.05,355.0,170.0,150.0,-25.0,4.5,8.0,4.14,2.0,0.5,1.0,7215.1,3196.6,0.033,1000.0,24.0,1.07,3.88722,0.63,0.7,0.91,1.0,5514.0,6000.0,6859.0,8972.0,13249.0,12476.0,10981.0,10610.0,0,0.0006,0.079999998,0,118.0,0.0,0.0,0.0,0.0,0.0,5.0,414.0,0.13,0.3
121_NUCLEAR_1,121,1,U400,NUCLEAR,Nuclear,400.0,108.2,1.05,400.0,396.0,200.0,-50.0,1.0,1.0,20.0,9999.0,9999.0,9999.0,9999.0,9999.0,0.12,1100.0,150.0,6.0,0.81035,0.25,0.5,0.8,1.0,8848.0,8965.0,9210.0,9438.0,12751.0,10825.0,10170.0,10000.0,0,0,0,0,0.0,0.0,0.0,0.0,0.0,0.0,5.0,471.0,0.15,0.4
122_HYDRO_1,122,1,U50,HYDRO,Hydro,50.0,-4.96,1.05,50.0,0.0,16.0,-10.0,0.0,0.0,0.0,0.0,0.0,0.0,0.0,0.0,0.01,1980.0,20.0,2.0,0.0,1.0,0.0,0.0,0.0,0.0,0.0,0.0,0.0,3412.0,0.0,0.0,0.0,0,0,0,0,0.0,0.0,0.0,0.0,0.0,0.0,3.5,53.0,0.1,0.28
122_HYDRO_2,122,2,U50,HYDRO,Hydro,50.0,-4.96,1.05,50.0,0.0,16.0,-10.0,0.0,0.0,0.0,0.0,0.0,0.0,0.0,0.0,0.01,1980.0,20.0,2.0,0.0,1.0,0.0,0.0,0.0,0.0,0.0,0.0,0.0,3412.0,0.0,0.0,0.0,0,0,0,0,0.0,0.0,0.0,0.0,0.0,0.0,3.5,53.0,0.1,0.28
122_HYDRO_3,122,3,U50,HYDRO,Hydro,50.0,-4.96,1.05,50.0,0.0,16.0,-10.0,0.0,0.0,0.0,0.0,0.0,0.0,0.0,0.0,0.01,1980.0,20.0,2.0,0.0,1.0,0.0,0.0,0.0,0.0,0.0,0.0,0.0,3412.0,0.0,0.0,0.0,0,0,0,0,0.0,0.0,0.0,0.0,0.0,0.0,3.5,53.0,0.1,0.28
122_HYDRO_4,122,4,U50,HYDRO,Hydro,50.0,-4.96,1.05,50.0,0.0,16.0,-10.0,0.0,0.0,0.0,0.0,0.0,0.0,0.0,0.0,0.01,1980.0,20.0,2.0,0.0,1.0,0.0,0.0,0.0,0.0,0.0,0.0,0.0,3412.0,0.0,0.0,0.0,0,0,0,0,0.0,0.0,0.0,0.0,0.0,0.0,3.5,53.0,0.1,0.28
122_HYDRO_5,122,5,U50,HYDRO,Hydro,50.0,-4.96,1.05,50.0,0.0,16.0,-10.0,0.0,0.0,0.0,0.0,0.0,0.0,0.0,0.0,0.01,1980.0,20.0,2.0,0.0,1.0,0.0,0.0,0.0,0.0,0.0,0.0,0.0,3412.0,0.0,0.0,0.0,0,0,0,0,0.0,0.0,0.0,0.0,0.0,0.0,3.5,53.0,0.1,0.28
122_HYDRO_6,122,6,U50,HYDRO,Hydro,50.0,-4.96,1.05,50.0,0.0,16.0,-10.0,0.0,0.0,0.0,0.0,0.0,0.0,0.0,0.0,0.01,1980.0,20.0,2.0,0.0,1.0,0.0,0.0,0.0,0.0,0.0,0.0,0.0,3412.0,0.0,0.0,0.0,0,0,0,0,0.0,0.0,0.0,0.0,0.0,0.0,3.5,53.0,0.1,0.28
123_CT_1,123,1,U55,CT,NG,55.0,11.0,1.028,55.0,22.0,19.0,-15.0,2.2,2.2,3.7,1.0,0.25,0.75,1457.4,452.8,0.031,500.0,51.0,0.79,3.88722,0.6,0.65,0.85,1.0,9712.0,10300.0,10334.0,11386.0,13954.0,13628.0,12831.0,12468.0,0,0.0006,0.079999998,0,118.0,0.0,0.0,0.0,0.0,0.0,2.8,64.0,0.13,0.32
123_STEAM_2,123,2,U155,STEAM,Coal,155.0,31.79,1.05,155.0,62.0,80.0,-50.0,8.0,8.0,3.0,11.0,3.0,60.0,10778.1,6892.1,0.04,960.0,40.0,4.0,2.11399,0.35,0.6,0.8,1.0,8265.0,8541.0,8900.0,9381.0,11244.0,10053.0,9718.0,9600.0,Unit-specific,Unit-specific,Unit-specific,Unit-specific,210.0,0.001,0.004,0.02,0.003,0.0,3.0,182.0,0.13,0.3
123_STEAM_3,123,3,U350,STEAM,Coal,350.0,71.78,1.05,350.0,140.0,150.0,-25.0,48.0,24.0,4.0,12.0,8.0,96.0,17384.1,9768.2,0.08,1150.0,100.0,5.0,2.11399,0.4,0.65,0.8,1.0,8402.0,8896.0,9244.0,9768.0,10200.0,9600.0,9500.0,9500.0,Unit-specific,Unit-specific,Unit-specific,Unit-specific,210.0,0.001,0.004,0.02,0.003,0.0,3.0,412.0,0.13,0.3
123_CT_4,123,4,U55,CT,NG,55.0,11.0,1.028,55.0,22.0,19.0,-15.0,2.2,2.2,3.7,1.0,0.25,0.75,1457.4,452.8,0.031,500.0,51.0,0.79,3.88722,0.6,0.65,0.85,1.0,9712.0,10300.0,10334.0,11386.0,13954.0,13628.0,12831.0,12468.0,0,0.0006,0.079999998,0,118.0,0.0,0.0,0.0,0.0,0.0,2.8,64.0,0.13,0.32
123_CT_5,123,5,U55,CT,NG,55.0,11.0,1.028,55.0,22.0,19.0,-15.0,2.2,2.2,3.7,1.0,0.25,0.75,1457.4,452.8,0.031,500.0,51.0,0.79,3.88722,0.6,0.65,0.85,1.0,9712.0,10300.0,10334.0,11386.0,13954.0,13628.0,12831.0,12468.0,0,0.0006,0.079999998,0,118.0,0.0,0.0,0.0,0.0,0.0,2.8,64.0,0.13,0.32
201_CT_1,201,1,U20,CT,Oil,10.0,0.0,1.035,20.0,8.0,10.0,0.0,1.0,1.0,3.0,0.0,0.0,1.0,5.0,5.0,0.1,450.0,50.0,2.0,10.3494,0.79,0.8,0.99,1.0,9859.0,10139.0,14272.0,14427.0,15063.0,15000.0,14500.0,14499.0,0.2,0.2,0.5,0.036,160.0,0.002,0.004,0.11,0.04,0.0,2.8,24.0,0.13,0.32
201_CT_2,201,2,U20,CT,Oil,10.0,0.0,1.035,20.0,8.0,10.0,0.0,1.0,1.0,3.0,0.0,0.0,1.0,5.0,5.0,0.1,450.0,50.0,2.0,10.3494,0.79,0.8,0.99,1.0,9859.0,10139.0,14272.0,14427.0,15063.0,15000.0,14500.0,14499.0,0.2,0.2,0.5,0.036,160.0,0.002,0.004,0.11,0.04,0.0,2.8,24.0,0.13,0.32
201_STEAM_3,201,3,U76,STEAM,Coal,76.0,14.1,1.035,76.0,30.0,30.0,-25.0,4.0,8.0,2.0,12.0,3.0,10.0,5284.8,3379.4,0.02,1960.0,40.0,3.0,2.11399,0.2,0.5,0.8,1.0,9548.0,9966.0,11576.0,13311.0,17107.0,12637.0,11900.0,12000.0,Unit-specific,Unit-specific,Unit-specific,Unit-specific,210.0,0.001,0.004,0.02,0.003,0.0,3.0,89.0,0.13,0.3
201_HYDRO_4,201,4,U50,HYDRO,Hydro,50.0,-4.96,1.05,50.0,0.0,16.0,-10.0,0.0,0.0,0.0,0.0,0.0,0.0,0.0,0.0,0.01,1980.0,20.0,2.0,0.0,1.0,0.0,0.0,0.0,0.0,0.0,0.0,0.0,3412.0,0.0,0.0,0.0,0,0,0,0,0.0,0.0,0.0,0.0,0.0,0.0,3.5,53.0,0.1,0.28
202_CT_1,202,1,U20,CT,Oil,10.0,0.0,1.035,20.0,8.0,10.0,0.0,1.0,1.0,3.0,0.0,0.0,1.0,5.0,5.0,0.1,450.0,50.0,2.0,10.3494,0.79,0.8,0.99,1.0,9859.0,10139.0,14272.0,14427.0,15063.0,15000.0,14500.0,14499.0,0.2,0.2,0.5,0.036,160.0,0.002,0.004,0.11,0.04,0.0,2.8,24.0,0.13,0.32
202_CT_2,202,2,U20,CT,Oil,10.0,0.0,1.035,20.0,8.0,10.0,0.0,1.0,1.0,3.0,0.0,0.0,1.0,5.0,5.0,0.1,450.0,50.0,2.0,10.3494,0.79,0.8,0.99,1.0,9859.0,10139.0,14272.0,14427.0,15063.0,15000.0,14500.0,14499.0,0.2,0.2,0.5,0.036,160.0,0.002,0.004,0.11,0.04,0.0,2.8,24.0,0.13,0.32
202_STEAM_3,202,3,U76,STEAM,Coal,76.0,7.0,1.035,76.0,30.0,30.0,-25.0,4.0,8.0,2.0,12.0,3.0,10.0,5284.8,3379.4,0.02,1960.0,40.0,3.0,2.11399,0.2,0.5,0.8,1.0,9548.0,9966.0,11576.0,13311.0,17107.0,12637.0,11900.0,12000.0,Unit-specific,Unit-specific,Unit-specific,Unit-specific,210.0,0.001,0.004,0.02,0.003,0.0,3.0,89.0,0.13,0.3
202_STEAM_4,202,4,U76,STEAM,Coal,76.0,7.0,1.035,76.0,30.0,30.0,-25.0,4.0,8.0,2.0,12.0,3.0,10.0,5284.8,3379.4,0.02,1960.0,40.0,3.0,2.11399,0.2,0.5,0.8,1.0,9548.0,9966.0,11576.0,13311.0,17107.0,12637.0,11900.0,12000.0,Unit-specific,Unit-specific,Unit-specific,Unit-specific,210.0,0.001,0.004,0.02,0.003,0.0,3.0,89.0,0.13,0.3
207_CT_1,207,1,U55,CT,NG,55.0,11.0,1.028,55.0,22.0,19.0,-15.0,2.2,2.2,3.7,1.0,0.25,0.75,1457.4,452.8,0.031,500.0,51.0,0.79,3.88722,0.6,0.65,0.85,1.0,9712.0,10300.0,10334.0,11386.0,13954.0,13628.0,12831.0,12468.0,0,0.0006,0.079999998,0,118.0,0.0,0.0,0.0,0.0,0.0,2.8,64.0,0.13,0.32
207_CT_2,207,2,U55,CT,NG,55.0,11.0,1.028,55.0,22.0,19.0,-15.0,2.2,2.2,3.7,1.0,0.25,0.75,1457.4,452.8,0.031,500.0,51.0,0.79,3.88722,0.6,0.65,0.85,1.0,9712.0,10300.0,10334.0,11386.0,13954.0,13628.0,12831.0,12468.0,0,0.0006,0.079999998,0,118.0,0.0,0.0,0.0,0.0,0.0,2.8,64.0,0.13,0.32
213_CT_1,213,1,U55,CT,NG,55.0,11.0,1.028,55.0,22.0,19.0,-15.0,2.2,2.2,3.7,1.0,0.25,0.75,1457.4,452.8,0.031,500.0,51.0,0.79,3.88722,0.6,0.65,0.85,1.0,9712.0,10300.0,10334.0,11386.0,13954.0,13628.0,12831.0,12468.0,0,0.0006,0.079999998,0,118.0,0.0,0.0,0.0,0.0,0.0,2.8,64.0,0.13,0.32
213_CT_2,213,2,U55,CT,NG,55.0,11.0,1.028,55.0,22.0,19.0,-15.0,2.2,2.2,3.7,1.0,0.25,0.75,1457.4,452.8,0.031,500.0,51.0,0.79,3.88722,0.6,0.65,0.85,1.0,9712.0,10300.0,10334.0,11386.0,13954.0,13628.0,12831.0,12468.0,0,0.0006,0.079999998,0,118.0,0.0,0.0,0.0,0.0,0.0,2.8,64.0,0.13,0.32
213_CC_3,213,3,U355,CC,NG,355.0,71.78,1.05,355.0,170.0,150.0,-25.0,4.5,8.0,4.14,2.0,0.5,1.0,7215.1,3196.6,0.033,1000.0,24.0,1.07,3.88722,0.63,0.7,0.91,1.0,5514.0,6000.0,6859.0,8972.0,13249.0,12476.0,10981.0,10610.0,0,0.0006,0.079999998,0,118.0,0.0,0.0,0.0,0.0,0.0,5.0,414.0,0.13,0.3
214_SYNC_COND_1,214,1,Sync_Cond,SYNC_COND,Sync_Cond,0.0,13.68,0.98,0.0,0.0,200.0,-50.0,0.0,0.0,0.0,0.0,0.0,0.0,0.0,0.0,0.0,0.0,0.0,0.0,0.0,0.0,0.0,0.0,0.0,0.0,0.0,0.0,0.0,0.0,0.0,0.0,0.0,0,0,0,0,0.0,0.0,0.0,0.0,0.0,0.0,0.0,0.0,0.0,0.0
215_HYDRO_1,215,1,U50,HYDRO,Hydro,50.0,-4.96,1.05,50.0,0.0,16.0,-10.0,0.0,0.0,0.0,0.0,0.0,0.0,0.0,0.0,0.01,1980.0,20.0,2.0,0.0,1.0,0.0,0.0,0.0,0.0,0.0,0.0,0.0,3412.0,0.0,0.0,0.0,0,0,0,0,0.0,0.0,0.0,0.0,0.0,0.0,3.5,53.0,0.1,0.28
215_HYDRO_2,215,2,U50,HYDRO,Hydro,50.0,-4.96,1.05,50.0,0.0,16.0,-10.0,0.0,0.0,0.0,0.0,0.0,0.0,0.0,0.0,0.01,1980.0,20.0,2.0,0.0,1.0,0.0,0.0,0.0,0.0,0.0,0.0,0.0,3412.0,0.0,0.0,0.0,0,0,0,0,0.0,0.0,0.0,0.0,0.0,0.0,3.5,53.0,0.1,0.28
215_HYDRO_3,215,3,U50,HYDRO,Hydro,50.0,-4.96,1.05,50.0,0.0,16.0,-10.0,0.0,0.0,0.0,0.0,0.0,0.0,0.0,0.0,0.01,1980.0,20.0,2.0,0.0,1.0,0.0,0.0,0.0,0.0,0.0,0.0,0.0,3412.0,0.0,0.0,0.0,0,0,0,0,0.0,0.0,0.0,0.0,0.0,0.0,3.5,53.0,0.1,0.28
215_CT_4,215,4,U55,CT,NG,55.0,11.0,1.028,55.0,22.0,19.0,-15.0,2.2,2.2,3.7,1.0,0.25,0.75,1457.4,452.8,0.031,500.0,51.0,0.79,3.88722,0.6,0.65,0.85,1.0,9712.0,10300.0,10334.0,11386.0,13954.0,13628.0,12831.0,12468.0,0,0.0006,0.079999998,0,118.0,0.0,0.0,0.0,0.0,0.0,2.8,64.0,0.13,0.32
215_CT_5,215,5,U55,CT,NG,55.0,11.0,1.028,55.0,22.0,19.0,-15.0,2.2,2.2,3.7,1.0,0.25,0.75,1457.4,452.8,0.031,500.0,51.0,0.79,3.88722,0.6,0.65,0.85,1.0,9712.0,10300.0,10334.0,11386.0,13954.0,13628.0,12831.0,12468.0,0,0.0006,0.079999998,0,118.0,0.0,0.0,0.0,0.0,0.0,2.8,64.0,0.13,0.32
216_STEAM_1,216,1,U155,STEAM,Coal,155.0,25.22,1.017,155.0,62.0,80.0,-50.0,8.0,8.0,3.0,11.0,3.0,60.0,10778.1,6892.1,0.04,960.0,40.0,4.0,2.11399,0.35,0.6,0.8,1.0,8265.0,8541.0,8900.0,9381.0,11244.0,10053.0,9718.0,9600.0,Unit-specific,Unit-specific,Unit-specific,Unit-specific,210.0,0.001,0.004,0.02,0.003,0.0,3.0,182.0,0.13,0.3
218_CC_1,218,1,U355,CC,NG,355.0,71.78,1.05,355.0,170.0,150.0,-25.0,4.5,8.0,4.14,2.0,0.5,1.0,7215.1,3196.6,0.033,1000.0,24.0,1.07,3.88722,0.63,0.7,0.91,1.0,5514.0,6000.0,6859.0,8972.0,13249.0,12476.0,10981.0,10610.0,0,0.0006,0.079999998,0,118.0,0.0,0.0,0.0,0.0,0.0,5.0,414.0,0.13,0.3
221_CC_1,221,1,U355,CC,NG,355.0,71.78,1.05,355.0,170.0,150.0,-25.0,4.5,8.0,4.14,2.0,0.5,1.0,7215.1,3196.6,0.033,1000.0,24.0,1.07,3.88722,0.63,0.7,0.91,1.0,5514.0,6000.0,6859.0,8972.0,13249.0,12476.0,10981.0,10610.0,0,0.0006,0.079999998,0,118.0,0.0,0.0,0.0,0.0,0.0,5.0,414.0,0.13,0.3
222_HYDRO_1,222,1,U50,HYDRO,Hydro,50.0,-4.96,1.05,50.0,0.0,16.0,-10.0,0.0,0.0,0.0,0.0,0.0,0.0,0.0,0.0,0.01,1980.0,20.0,2.0,0.0,1.0,0.0,0.0,0.0,0.0,0.0,0.0,0.0,3412.0,0.0,0.0,0.0,0,0,0,0,0.0,0.0,0.0,0.0,0.0,0.0,3.5,53.0,0.1,0.28
222_HYDRO_2,222,2,U50,HYDRO,Hydro,50.0,-4.96,1.05,50.0,0.0,16.0,-10.0,0.0,0.0,0.0,0.0,0.0,0.0,0.0,0.0,0.01,1980.0,20.0,2.0,0.0,1.0,0.0,0.0,0.0,0.0,0.0,0.0,0.0,3412.0,0.0,0.0,0.0,0,0,0,0,0.0,0.0,0.0,0.0,0.0,0.0,3.5,53.0,0.1,0.28
222_HYDRO_3,222,3,U50,HYDRO,Hydro,50.0,-4.96,1.05,50.0,0.0,16.0,-10.0,0.0,0.0,0.0,0.0,0.0,0.0,0.0,0.0,0.01,1980.0,20.0,2.0,0.0,1.0,0.0,0.0,0.0,0.0,0.0,0.0,0.0,3412.0,0.0,0.0,0.0,0,0,0,0,0.0,0.0,0.0,0.0,0.0,0.0,3.5,53.0,0.1,0.28
222_HYDRO_4,222,4,U50,HYDRO,Hydro,50.0,-4.96,1.05,50.0,0.0,16.0,-10.0,0.0,0.0,0.0,0.0,0.0,0.0,0.0,0.0,0.01,1980.0,20.0,2.0,0.0,1.0,0.0,0.0,0.0,0.0,0.0,0.0,0.0,3412.0,0.0,0.0,0.0,0,0,0,0,0.0,0.0,0.0,0.0,0.0,0.0,3.5,53.0,0.1,0.28
222_HYDRO_5,222,5,U50,HYDRO,Hydro,50.0,-4.96,1.05,50.0,0.0,16.0,-10.0,0.0,0.0,0.0,0.0,0.0,0.0,0.0,0.0,0.01,1980.0,20.0,2.0,0.0,1.0,0.0,0.0,0.0,0.0,0.0,0.0,0.0,3412.0,0.0,0.0,0.0,0,0,0,0,0.0,0.0,0.0,0.0,0.0,0.0,3.5,53.0,0.1,0.28
222_HYDRO_6,222,6,U50,HYDRO,Hydro,50.0,-4.96,1.05,50.0,0.0,16.0,-10.0,0.0,0.0,0.0,0.0,0.0,0.0,0.0,0.0,0.01,1980.0,20.0,2.0,0.0,1.0,0.0,0.0,0.0,0.0,0.0,0.0,0.0,3412.0,0.0,0.0,0.0,0,0,0,0,0.0,0.0,0.0,0.0,0.0,0.0,3.5,53.0,0.1,0.28
223_STEAM_1,223,1,U155,STEAM,Coal,155.0,31.79,1.05,155.0,62.0,80.0,-50.0,8.0,8.0,3.0,11.0,3.0,60.0,10778.1,6892.1,0.04,960.0,40.0,4.0,2.11399,0.35,0.6,0.8,1.0,8265.0,8541.0,8900.0,9381.0,11244.0,10053.0,9718.0,9600.0,Unit-specific,Unit-specific,Unit-specific,Unit-specific,210.0,0.001,0.004,0.02,0.003,0.0,3.0,182.0,0.13,0.3
223_STEAM_2,223,2,U155,STEAM,Coal,155.0,31.79,1.05,155.0,62.0,80.0,-50.0,8.0,8.0,3.0,11.0,3.0,60.0,10778.1,6892.1,0.04,960.0,40.0,4.0,2.11399,0.35,0.6,0.8,1.0,8265.0,8541.0,8900.0,9381.0,11244.0,10053.0,9718.0,9600.0,Unit-specific,Unit-specific,Unit-specific,Unit-specific,210.0,0.001,0.004,0.02,0.003,0.0,3.0,182.0,0.13,0.3
223_STEAM_3,223,3,U350,STEAM,Coal,350.0,71.78,1.05,350.0,140.0,150.0,-25.0,48.0,24.0,4.0,12.0,8.0,96.0,17384.1,9768.2,0.08,1150.0,100.0,5.0,2.11399,0.4,0.65,0.8,1.0,8402.0,8896.0,9244.0,9768.0,10200.0,9600.0,9500.0,9500.0,Unit-specific,Unit-specific,Unit-specific,Unit-specific,210.0,0.001,0.004,0.02,0.003,0.0,3.0,412.0,0.13,0.3
223_CT_4,223,4,U55,CT,NG,55.0,11.0,1.028,55.0,22.0,19.0,-15.0,2.2,2.2,3.7,1.0,0.25,0.75,1457.4,452.8,0.031,500.0,51.0,0.79,3.88722,0.6,0.65,0.85,1.0,9712.0,10300.0,10334.0,11386.0,13954.0,13628.0,12831.0,12468.0,0,0.0006,0.079999998,0,118.0,0.0,0.0,0.0,0.0,0.0,2.8,64.0,0.13,0.32
223_CT_5,223,5,U55,CT,NG,55.0,11.0,1.028,55.0,22.0,19.0,-15.0,2.2,2.2,3.7,1.0,0.25,0.75,1457.4,452.8,0.031,500.0,51.0,0.79,3.88722,0.6,0.65,0.85,1.0,9712.0,10300.0,10334.0,11386.0,13954.0,13628.0,12831.0,12468.0,0,0.0006,0.079999998,0,118.0,0.0,0.0,0.0,0.0,0.0,2.8,64.0,0.13,0.32
223_CT_6,223,6,U55,CT,NG,55.0,11.0,1.028,55.0,22.0,19.0,-15.0,2.2,2.2,3.7,1.0,0.25,0.75,1457.4,452.8,0.031,500.0,51.0,0.79,3.88722,0.6,0.65,0.85,1.0,9712.0,10300.0,10334.0,11386.0,13954.0,13628.0,12831.0,12468.0,0,0.0006,0.079999998,0,118.0,0.0,0.0,0.0,0.0,0.0,2.8,64.0,0.13,0.32
301_CT_1,301,1,U20,CT,Oil,10.0,0.0,1.035,20.0,8.0,10.0,0.0,1.0,1.0,3.0,0.0,0.0,1.0,5.0,5.0,0.1,450.0,50.0,2.0,10.3494,0.79,0.8,0.99,1.0,9859.0,10139.0,14272.0,14427.0,15063.0,15000.0,14500.0,14499.0,0.2,0.2,0.5,0.036,160.0,0.002,0.004,0.11,0.04,0.0,2.8,24.0,0.13,0.32
301_CT_2,301,2,U20,CT,Oil,10.0,0.0,1.035,20.0,8.0,10.0,0.0,1.0,1.0,3.0,0.0,0.0,1.0,5.0,5.0,0.1,450.0,50.0,2.0,10.3494,0.79,0.8,0.99,1.0,9859.0,10139.0,14272.0,14427.0,15063.0,15000.0,14500.0,14499.0,0.2,0.2,0.5,0.036,160.0,0.002,0.004,0.11,0.04,0.0,2.8,24.0,0.13,0.32
301_CT_3,301,3,U55,CT,NG,55.0,11.0,1.028,55.0,22.0,19.0,-15.0,2.2,2.2,3.7,1.0,0.25,0.75,1457.4,452.8,0.031,500.0,51.0,0.79,3.88722,0.6,0.65,0.85,1.0,9712.0,10300.0,10334.0,11386.0,13954.0,13628.0,12831.0,12468.0,0,0.0006,0.079999998,0,118.0,0.0,0.0,0.0,0.0,0.0,2.8,64.0,0.13,0.32
301_CT_4,301,4,U55,CT,NG,55.0,11.0,1.028,55.0,22.0,19.0,-15.0,2.2,2.2,3.7,1.0,0.25,0.75,1457.4,452.8,0.031,500.0,51.0,0.79,3.88722,0.6,0.65,0.85,1.0,9712.0,10300.0,10334.0,11386.0,13954.0,13628.0,12831.0,12468.0,0,0.0006,0.079999998,0,118.0,0.0,0.0,0.0,0.0,0.0,2.8,64.0,0.13,0.32
302_CT_1,302,1,U20,CT,Oil,10.0,0.0,1.035,20.0,8.0,10.0,0.0,1.0,1.0,3.0,0.0,0.0,1.0,5.0,5.0,0.1,450.0,50.0,2.0,10.3494,0.79,0.8,0.99,1.0,9859.0,10139.0,14272.0,14427.0,15063.0,15000.0,14500.0,14499.0,0.2,0.2,0.5,0.036,160.0,0.002,0.004,0.11,0.04,0.0,2.8,24.0,0.13,0.32
302_CT_2,302,2,U20,CT,Oil,10.0,0.0,1.035,20.0,8.0,10.0,0.0,1.0,1.0,3.0,0.0,0.0,1.0,5.0,5.0,0.1,450.0,50.0,2.0,10.3494,0.79,0.8,0.99,1.0,9859.0,10139.0,14272.0,14427.0,15063.0,15000.0,14500.0,14499.0,0.2,0.2,0.5,0.036,160.0,0.002,0.004,0.11,0.04,0.0,2.8,24.0,0.13,0.32
302_CT_3,302,3,U55,CT,NG,55.0,11.0,1.028,55.0,22.0,19.0,-15.0,2.2,2.2,3.7,1.0,0.25,0.75,1457.4,452.8,0.031,500.0,51.0,0.79,3.88722,0.6,0.65,0.85,1.0,9712.0,10300.0,10334.0,11386.0,13954.0,13628.0,12831.0,12468.0,0,0.0006,0.079999998,0,118.0,0.0,0.0,0.0,0.0,0.0,2.8,64.0,0.13,0.32
302_CT_4,302,4,U55,CT,NG,55.0,11.0,1.028,55.0,22.0,19.0,-15.0,2.2,2.2,3.7,1.0,0.25,0.75,1457.4,452.8,0.031,500.0,51.0,0.79,3.88722,0.6,0.65,0.85,1.0,9712.0,10300.0,10334.0,11386.0,13954.0,13628.0,12831.0,12468.0,0,0.0006,0.079999998,0,118.0,0.0,0.0,0.0,0.0,0.0,2.8,64.0,0.13,0.32
307_CT_1,307,1,U55,CT,NG,55.0,11.0,1.028,55.0,22.0,19.0,-15.0,2.2,2.2,3.7,1.0,0.25,0.75,1457.4,452.8,0.031,500.0,51.0,0.79,3.88722,0.6,0.65,0.85,1.0,9712.0,10300.0,10334.0,11386.0,13954.0,13628.0,12831.0,12468.0,0,0.0006,0.079999998,0,118.0,0.0,0.0,0.0,0.0,0.0,2.8,64.0,0.13,0.32
307_CT_2,307,2,U55,CT,NG,55.0,11.0,1.028,55.0,22.0,19.0,-15.0,2.2,2.2,3.7,1.0,0.25,0.75,1457.4,452.8,0.031,500.0,51.0,0.79,3.88722,0.6,0.65,0.85,1.0,9712.0,10300.0,10334.0,11386.0,13954.0,13628.0,12831.0,12468.0,0,0.0006,0.079999998,0,118.0,0.0,0.0,0.0,0.0,0.0,2.8,64.0,0.13,0.32
313_CC_1,313,1,U355,CC,NG,355.0,71.78,1.05,355.0,170.0,150.0,-25.0,4.5,8.0,4.14,2.0,0.5,1.0,7215.1,3196.6,0.033,1000.0,24.0,1.07,3.88722,0.63,0.7,0.91,1.0,5514.0,6000.0,6859.0,8972.0,13249.0,12476.0,10981.0,10610.0,0,0.0006,0.079999998,0,118.0,0.0,0.0,0.0,0.0,0.0,5.0,414.0,0.13,0.3
314_SYNC_COND_1,314,1,Sync_Cond,SYNC_COND,Sync_Cond,0.0,13.68,0.98,0.0,0.0,200.0,-50.0,0.0,0.0,0.0,0.0,0.0,0.0,0.0,0.0,0.0,0.0,0.0,0.0,0.0,0.0,0.0,0.0,0.0,0.0,0.0,0.0,0.0,0.0,0.0,0.0,0.0,0,0,0,0,0.0,0.0,0.0,0.0,0.0,0.0,0.0,0.0,0.0,0.0
315_STEAM_1,315,1,U12,STEAM,Oil,12.0,0.0,1.014,12.0,5.0,6.0,0.0,2.0,4.0,1.0,4.0,2.0,12.0,68.0,38.0,0.02,2940.0,60.0,2.0,10.3494,0.2,0.5,0.8,1.0,10179.0,10330.0,11668.0,13219.0,16017.0,12500.0,11900.0,12000.0,Unit-Specific,Unit-specific,0.5,0.1,170.0,0.002,0.004,0.04,0.007,0.0,2.8,14.0,0.13,0.32
315_STEAM_2,315,2,U12,STEAM,Oil,12.0,0.0,1.014,12.0,5.0,6.0,0.0,2.0,4.0,1.0,4.0,2.0,12.0,68.0,38.0,0.02,2940.0,60.0,2.0,10.3494,0.2,0.5,0.8,1.0,10179.0,10330.0,11668.0,13219.0,16017.0,12500.0,11900.0,12000.0,Unit-Specific,Unit-specific,0.5,0.1,170.0,0.002,0.004,0.04,0.007,0.0,2.8,14.0,0.13,0.32
315_STEAM_3,315,3,U12,STEAM,Oil,12.0,0.0,1.014,12.0,5.0,6.0,0.0,2.0,4.0,1.0,4.0,2.0,12.0,68.0,38.0,0.02,2940.0,60.0,2.0,10.3494,0.2,0.5,0.8,1.0,10179.0,10330.0,11668.0,13219.0,16017.0,12500.0,11900.0,12000.0,Unit-Specific,Unit-specific,0.5,0.1,170.0,0.002,0.004,0.04,0.007,0.0,2.8,14.0,0.13,0.32
315_STEAM_4,315,4,U12,STEAM,Oil,12.0,0.0,1.014,12.0,5.0,6.0,0.0,2.0,4.0,1.0,4.0,2.0,12.0,68.0,38.0,0.02,2940.0,60.0,2.0,10.3494,0.2,0.5,0.8,1.0,10179.0,10330.0,11668.0,13219.0,16017.0,12500.0,11900.0,12000.0,Unit-Specific,Unit-specific,0.5,0.1,170.0,0.002,0.004,0.04,0.007,0.0,2.8,14.0,0.13,0.32
315_STEAM_5,315,5,U12,STEAM,Oil,12.0,0.0,1.014,12.0,5.0,6.0,0.0,2.0,4.0,1.0,4.0,2.0,12.0,68.0,38.0,0.02,2940.0,60.0,2.0,10.3494,0.2,0.5,0.8,1.0,10179.0,10330.0,11668.0,13219.0,16017.0,12500.0,11900.0,12000.0,Unit-Specific,Unit-specific,0.5,0.1,170.0,0.002,0.004,0.04,0.007,0.0,2.8,14.0,0.13,0.32
315_CT_6,315,6,U55,CT,NG,55.0,11.0,1.028,55.0,22.0,19.0,-15.0,2.2,2.2,3.7,1.0,0.25,0.75,1457.4,452.8,0.031,500.0,51.0,0.79,3.88722,0.6,0.65,0.85,1.0,9712.0,10300.0,10334.0,11386.0,13954.0,13628.0,12831.0,12468.0,0,0.0006,0.079999998,0,118.0,0.0,0.0,0.0,0.0,0.0,2.8,64.0,0.13,0.32
315_CT_7,315,7,U55,CT,NG,55.0,11.0,1.028,55.0,22.0,19.0,-15.0,2.2,2.2,3.7,1.0,0.25,0.75,1457.4,452.8,0.031,500.0,51.0,0.79,3.88722,0.6,0.65,0.85,1.0,9712.0,10300.0,10334.0,11386.0,13954.0,13628.0,12831.0,12468.0,0,0.0006,0.079999998,0,118.0,0.0,0.0,0.0,0.0,0.0,2.8,64.0,0.13,0.32
315_CT_8,315,8,U55,CT,NG,55.0,17.2,1.025,55.0,22.0,60.0,0.0,2.2,2.2,3.7,1.0,0.25,0.75,1457.4,452.8,0.031,500.0,51.0,0.79,3.88722,0.6,0.65,0.85,1.0,9712.0,10300.0,10334.0,11386.0,13954.0,13628.0,12831.0,12468.0,0,0.0006,0.079999998,0,118.0,0.0,0.0,0.0,0.0,0.0,2.8,64.0,0.13,0.32
316_STEAM_1,316,1,U155,STEAM,Coal,155.0,25.22,1.017,155.0,62.0,80.0,-50.0,8.0,8.0,3.0,11.0,3.0,60.0,10778.1,6892.1,0.04,960.0,40.0,4.0,2.11399,0.35,0.6,0.8,1.0,8265.0,8541.0,8900.0,9381.0,11244.0,10053.0,9718.0,9600.0,Unit-specific,Unit-specific,Unit-specific,Unit-specific,210.0,0.001,0.004,0.02,0.003,0.0,3.0,182.0,0.13,0.3
318_CC_1,318,1,U355,CC,NG,355.0,71.78,1.05,355.0,170.0,150.0,-25.0,4.5,8.0,4.14,2.0,0.5,1.0,7215.1,3196.6,0.033,1000.0,24.0,1.07,3.88722,0.63,0.7,0.91,1.0,5514.0,6000.0,6859.0,8972.0,13249.0,12476.0,10981.0,10610.0,0,0.0006,0.079999998,0,118.0,0.0,0.0,0.0,0.0,0.0,5.0,414.0,0.13,0.3
321_CC_1,321,1,U355,CC,NG,355.0,71.78,1.05,355.0,170.0,150.0,-25.0,4.5,8.0,4.14,2.0,0.5,1.0,7215.1,3196.6,0.033,1000.0,24.0,1.07,3.88722,0.63,0.7,0.91,1.0,5514.0,6000.0,6859.0,8972.0,13249.0,12476.0,10981.0,10610.0,0,0.0006,0.079999998,0,118.0,0.0,0.0,0.0,0.0,0.0,5.0,414.0,0.13,0.3
322_HYDRO_1,322,1,U50,HYDRO,Hydro,50.0,-4.96,1.05,50.0,0.0,16.0,-10.0,0.0,0.0,0.0,0.0,0.0,0.0,0.0,0.0,0.01,1980.0,20.0,2.0,0.0,1.0,0.0,0.0,0.0,0.0,0.0,0.0,0.0,3412.0,0.0,0.0,0.0,0,0,0,0,0.0,0.0,0.0,0.0,0.0,0.0,3.5,53.0,0.1,0.28
322_HYDRO_2,322,2,U50,HYDRO,Hydro,50.0,-4.96,1.05,50.0,0.0,16.0,-10.0,0.0,0.0,0.0,0.0,0.0,0.0,0.0,0.0,0.01,1980.0,20.0,2.0,0.0,1.0,0.0,0.0,0.0,0.0,0.0,0.0,0.0,3412.0,0.0,0.0,0.0,0,0,0,0,0.0,0.0,0.0,0.0,0.0,0.0,3.5,53.0,0.1,0.28
322_HYDRO_3,322,3,U50,HYDRO,Hydro,50.0,-4.96,1.05,50.0,0.0,16.0,-10.0,0.0,0.0,0.0,0.0,0.0,0.0,0.0,0.0,0.01,1980.0,20.0,2.0,0.0,1.0,0.0,0.0,0.0,0.0,0.0,0.0,0.0,3412.0,0.0,0.0,0.0,0,0,0,0,0.0,0.0,0.0,0.0,0.0,0.0,3.5,53.0,0.1,0.28
322_HYDRO_4,322,4,U50,HYDRO,Hydro,50.0,-4.96,1.05,50.0,0.0,16.0,-10.0,0.0,0.0,0.0,0.0,0.0,0.0,0.0,0.0,0.01,1980.0,20.0,2.0,0.0,1.0,0.0,0.0,0.0,0.0,0.0,0.0,0.0,3412.0,0.0,0.0,0.0,0,0,0,0,0.0,0.0,0.0,0.0,0.0,0.0,3.5,53.0,0.1,0.28
322_CT_5,322,5,U55,CT,NG,55.0,11.0,1.028,55.0,22.0,19.0,-15.0,2.2,2.2,3.7,1.0,0.25,0.75,1457.4,452.8,0.031,500.0,51.0,0.79,3.88722,0.6,0.65,0.85,1.0,9712.0,10300.0,10334.0,11386.0,13954.0,13628.0,12831.0,12468.0,0,0.0006,0.079999998,0,118.0,0.0,0.0,0.0,0.0,0.0,2.8,64.0,0.13,0.32
322_CT_6,322,6,U55,CT,NG,55.0,11.0,1.028,55.0,22.0,19.0,-15.0,2.2,2.2,3.7,1.0,0.25,0.75,1457.4,452.8,0.031,500.0,51.0,0.79,3.88722,0.6,0.65,0.85,1.0,9712.0,10300.0,10334.0,11386.0,13954.0,13628.0,12831.0,12468.0,0,0.0006,0.079999998,0,118.0,0.0,0.0,0.0,0.0,0.0,2.8,64.0,0.13,0.32
323_CC_1,323,1,U355,CC,NG,355.0,71.78,1.05,355.0,170.0,150.0,-25.0,4.5,8.0,4.14,2.0,0.5,1.0,7215.1,3196.6,0.033,1000.0,24.0,1.07,3.88722,0.63,0.7,0.91,1.0,5514.0,6000.0,6859.0,8972.0,13249.0,12476.0,10981.0,10610.0,0,0.0006,0.079999998,0,118.0,0.0,0.0,0.0,0.0,0.0,5.0,414.0,0.13,0.3
323_CC_2,323,2,U355,CC,NG,355.0,71.78,1.05,355.0,170.0,150.0,-25.0,4.5,8.0,4.14,2.0,0.5,1.0,7215.1,3196.6,0.033,1000.0,24.0,1.07,3.88722,0.63,0.7,0.91,1.0,5514.0,6000.0,6859.0,8972.0,13249.0,12476.0,10981.0,10610.0,0,0.0006,0.079999998,0,118.0,0.0,0.0,0.0,0.0,0.0,5.0,414.0,0.13,0.3
320_PV_1,320,1,PV,PV,Solar,0.0,0.0,1.0,51.6,0.0,0.0,0.0,0.0,0.0,51.6,0.0,0.0,0.0,0.0,0.0,0.0,0.0,0.0,0.0,0.0,0.0,0.0,0.0,0.0,0.0,0.0,0.0,0.0,0.0,0.0,0.0,0.0,0,0,0,0,0.0,0.0,0.0,0.0,0.0,0.0,0.0,0.0,0.0,0.0
314_PV_1,314,1,PV,PV,Solar,0.0,0.0,1.0,51.6,0.0,0.0,0.0,0.0,0.0,51.6,0.0,0.0,0.0,0.0,0.0,0.0,0.0,0.0,0.0,0.0,0.0,0.0,0.0,0.0,0.0,0.0,0.0,0.0,0.0,0.0,0.0,0.0,0,0,0,0,0.0,0.0,0.0,0.0,0.0,0.0,0.0,0.0,0.0,0.0
314_PV_2,314,2,PV,PV,Solar,0.0,0.0,1.0,51.6,0.0,0.0,0.0,0.0,0.0,51.6,0.0,0.0,0.0,0.0,0.0,0.0,0.0,0.0,0.0,0.0,0.0,0.0,0.0,0.0,0.0,0.0,0.0,0.0,0.0,0.0,0.0,0.0,0,0,0,0,0.0,0.0,0.0,0.0,0.0,0.0,0.0,0.0,0.0,0.0
313_PV_1,313,1,PV,PV,Solar,0.0,0.0,1.0,95.1,0.0,0.0,0.0,0.0,0.0,95.1,0.0,0.0,0.0,0.0,0.0,0.0,0.0,0.0,0.0,0.0,0.0,0.0,0.0,0.0,0.0,0.0,0.0,0.0,0.0,0.0,0.0,0.0,0,0,0,0,0.0,0.0,0.0,0.0,0.0,0.0,0.0,0.0,0.0,0.0
314_PV_3,314,3,PV,PV,Solar,0.0,0.0,1.0,92.7,0.0,0.0,0.0,0.0,0.0,92.7,0.0,0.0,0.0,0.0,0.0,0.0,0.0,0.0,0.0,0.0,0.0,0.0,0.0,0.0,0.0,0.0,0.0,0.0,0.0,0.0,0.0,0.0,0,0,0,0,0.0,0.0,0.0,0.0,0.0,0.0,0.0,0.0,0.0,0.0
314_PV_4,314,4,PV,PV,Solar,0.0,0.0,1.0,51.6,0.0,0.0,0.0,0.0,0.0,51.6,0.0,0.0,0.0,0.0,0.0,0.0,0.0,0.0,0.0,0.0,0.0,0.0,0.0,0.0,0.0,0.0,0.0,0.0,0.0,0.0,0.0,0.0,0,0,0,0,0.0,0.0,0.0,0.0,0.0,0.0,0.0,0.0,0.0,0.0
313_PV_2,313,2,PV,PV,Solar,0.0,0.0,1.0,93.3,0.0,0.0,0.0,0.0,0.0,93.3,0.0,0.0,0.0,0.0,0.0,0.0,0.0,0.0,0.0,0.0,0.0,0.0,0.0,0.0,0.0,0.0,0.0,0.0,0.0,0.0,0.0,0.0,0,0,0,0,0.0,0.0,0.0,0.0,0.0,0.0,0.0,0.0,0.0,0.0
310_PV_1,310,1,PV,PV,Solar,0.0,0.0,1.0,51.7,0.0,0.0,0.0,0.0,0.0,51.7,0.0,0.0,0.0,0.0,0.0,0.0,0.0,0.0,0.0,0.0,0.0,0.0,0.0,0.0,0.0,0.0,0.0,0.0,0.0,0.0,0.0,0.0,0,0,0,0,0.0,0.0,0.0,0.0,0.0,0.0,0.0,0.0,0.0,0.0
324_PV_1,324,1,PV,PV,Solar,0.0,0.0,1.0,49.7,0.0,0.0,0.0,0.0,0.0,49.7,0.0,0.0,0.0,0.0,0.0,0.0,0.0,0.0,0.0,0.0,0.0,0.0,0.0,0.0,0.0,0.0,0.0,0.0,0.0,0.0,0.0,0.0,0,0,0,0,0.0,0.0,0.0,0.0,0.0,0.0,0.0,0.0,0.0,0.0
312_PV_1,312,1,PV,PV,Solar,0.0,0.0,1.0,94.1,0.0,0.0,0.0,0.0,0.0,94.1,0.0,0.0,0.0,0.0,0.0,0.0,0.0,0.0,0.0,0.0,0.0,0.0,0.0,0.0,0.0,0.0,0.0,0.0,0.0,0.0,0.0,0.0,0,0,0,0,0.0,0.0,0.0,0.0,0.0,0.0,0.0,0.0,0.0,0.0
310_PV_2,310,2,PV,PV,Solar,0.0,0.0,1.0,51.6,0.0,0.0,0.0,0.0,0.0,51.6,0.0,0.0,0.0,0.0,0.0,0.0,0.0,0.0,0.0,0.0,0.0,0.0,0.0,0.0,0.0,0.0,0.0,0.0,0.0,0.0,0.0,0.0,0,0,0,0,0.0,0.0,0.0,0.0,0.0,0.0,0.0,0.0,0.0,0.0
324_PV_2,324,2,PV,PV,Solar,0.0,0.0,1.0,51.6,0.0,0.0,0.0,0.0,0.0,51.6,0.0,0.0,0.0,0.0,0.0,0.0,0.0,0.0,0.0,0.0,0.0,0.0,0.0,0.0,0.0,0.0,0.0,0.0,0.0,0.0,0.0,0.0,0,0,0,0,0.0,0.0,0.0,0.0,0.0,0.0,0.0,0.0,0.0,0.0
324_PV_3,324,3,PV,PV,Solar,0.0,0.0,1.0,51.0,0.0,0.0,0.0,0.0,0.0,51.0,0.0,0.0,0.0,0.0,0.0,0.0,0.0,0.0,0.0,0.0,0.0,0.0,0.0,0.0,0.0,0.0,0.0,0.0,0.0,0.0,0.0,0.0,0,0,0,0,0.0,0.0,0.0,0.0,0.0,0.0,0.0,0.0,0.0,0.0
113_PV_1,113,1,PV,PV,Solar,0.0,0.0,1.0,93.6,0.0,0.0,0.0,0.0,0.0,93.6,0.0,0.0,0.0,0.0,0.0,0.0,0.0,0.0,0.0,0.0,0.0,0.0,0.0,0.0,0.0,0.0,0.0,0.0,0.0,0.0,0.0,0.0,0,0,0,0,0.0,0.0,0.0,0.0,0.0,0.0,0.0,0.0,0.0,0.0
319_PV_1,319,1,PV,PV,Solar,0.0,0.0,1.0,188.2,0.0,0.0,0.0,0.0,0.0,188.2,0.0,0.0,0.0,0.0,0.0,0.0,0.0,0.0,0.0,0.0,0.0,0.0,0.0,0.0,0.0,0.0,0.0,0.0,0.0,0.0,0.0,0.0,0,0,0,0,0.0,0.0,0.0,0.0,0.0,0.0,0.0,0.0,0.0,0.0
215_PV_1,215,1,PV,PV,Solar,0.0,0.0,1.0,125.1,0.0,0.0,0.0,0.0,0.0,125.1,0.0,0.0,0.0,0.0,0.0,0.0,0.0,0.0,0.0,0.0,0.0,0.0,0.0,0.0,0.0,0.0,0.0,0.0,0.0,0.0,0.0,0.0,0,0,0,0,0.0,0.0,0.0,0.0,0.0,0.0,0.0,0.0,0.0,0.0
102_PV_1,102,1,PV,PV,Solar,0.0,0.0,1.0,25.6,0.0,0.0,0.0,0.0,0.0,25.6,0.0,0.0,0.0,0.0,0.0,0.0,0.0,0.0,0.0,0.0,0.0,0.0,0.0,0.0,0.0,0.0,0.0,0.0,0.0,0.0,0.0,0.0,0,0,0,0,0.0,0.0,0.0,0.0,0.0,0.0,0.0,0.0,0.0,0.0
101_PV_1,101,1,PV,PV,Solar,0.0,0.0,1.0,25.9,0.0,0.0,0.0,0.0,0.0,25.9,0.0,0.0,0.0,0.0,0.0,0.0,0.0,0.0,0.0,0.0,0.0,0.0,0.0,0.0,0.0,0.0,0.0,0.0,0.0,0.0,0.0,0.0,0,0,0,0,0.0,0.0,0.0,0.0,0.0,0.0,0.0,0.0,0.0,0.0
102_PV_2,102,2,PV,PV,Solar,0.0,0.0,1.0,25.3,0.0,0.0,0.0,0.0,0.0,25.3,0.0,0.0,0.0,0.0,0.0,0.0,0.0,0.0,0.0,0.0,0.0,0.0,0.0,0.0,0.0,0.0,0.0,0.0,0.0,0.0,0.0,0.0,0,0,0,0,0.0,0.0,0.0,0.0,0.0,0.0,0.0,0.0,0.0,0.0
104_PV_1,104,1,PV,PV,Solar,0.0,0.0,1.0,26.8,0.0,0.0,0.0,0.0,0.0,26.8,0.0,0.0,0.0,0.0,0.0,0.0,0.0,0.0,0.0,0.0,0.0,0.0,0.0,0.0,0.0,0.0,0.0,0.0,0.0,0.0,0.0,0.0,0,0,0,0,0.0,0.0,0.0,0.0,0.0,0.0,0.0,0.0,0.0,0.0
212_CSP_1,212,1,CSP,CSP,Solar,0.0,0.0,1.0,200.0,0.0,0.0,0.0,0.0,0.0,200.0,0.0,0.0,0.0,0.0,0.0,0.0,0.0,0.0,0.0,0.0,0.0,0.0,0.0,0.0,0.0,0.0,0.0,0.0,0.0,0.0,0.0,0.0,0,0,0,0,0.0,0.0,0.0,0.0,0.0,0.0,0.0,0.0,0.0,0.0
101_PV_2,101,2,PV,PV,Solar,0.0,0.0,1.0,26.7,0.0,0.0,0.0,0.0,0.0,26.7,0.0,0.0,0.0,0.0,0.0,0.0,0.0,0.0,0.0,0.0,0.0,0.0,0.0,0.0,0.0,0.0,0.0,0.0,0.0,0.0,0.0,0.0,0,0,0,0,0.0,0.0,0.0,0.0,0.0,0.0,0.0,0.0,0.0,0.0
101_PV_3,101,3,PV,PV,Solar,0.0,0.0,1.0,26.2,0.0,0.0,0.0,0.0,0.0,26.2,0.0,0.0,0.0,0.0,0.0,0.0,0.0,0.0,0.0,0.0,0.0,0.0,0.0,0.0,0.0,0.0,0.0,0.0,0.0,0.0,0.0,0.0,0,0,0,0,0.0,0.0,0.0,0.0,0.0,0.0,0.0,0.0,0.0,0.0
101_PV_4,101,4,PV,PV,Solar,0.0,0.0,1.0,25.8,0.0,0.0,0.0,0.0,0.0,25.8,0.0,0.0,0.0,0.0,0.0,0.0,0.0,0.0,0.0,0.0,0.0,0.0,0.0,0.0,0.0,0.0,0.0,0.0,0.0,0.0,0.0,0.0,0,0,0,0,0.0,0.0,0.0,0.0,0.0,0.0,0.0,0.0,0.0,0.0
103_PV_1,103,1,PV,PV,Solar,0.0,0.0,1.0,61.5,0.0,0.0,0.0,0.0,0.0,61.5,0.0,0.0,0.0,0.0,0.0,0.0,0.0,0.0,0.0,0.0,0.0,0.0,0.0,0.0,0.0,0.0,0.0,0.0,0.0,0.0,0.0,0.0,0,0,0,0,0.0,0.0,0.0,0.0,0.0,0.0,0.0,0.0,0.0,0.0
119_PV_1,119,1,PV,PV,Solar,0.0,0.0,1.0,66.6,0.0,0.0,0.0,0.0,0.0,66.6,0.0,0.0,0.0,0.0,0.0,0.0,0.0,0.0,0.0,0.0,0.0,0.0,0.0,0.0,0.0,0.0,0.0,0.0,0.0,0.0,0.0,0.0,0,0,0,0,0.0,0.0,0.0,0.0,0.0,0.0,0.0,0.0,0.0,0.0
308_RTPV_1,308,1,RTPV,RTPV,Solar,0.0,0.0,1.0,100.9,0.0,0.0,0.0,0.0,0.0,100.9,0.0,0.0,0.0,0.0,0.0,0.0,0.0,0.0,0.0,0.0,0.0,0.0,0.0,0.0,0.0,0.0,0.0,0.0,0.0,0.0,0.0,0.0,0,0,0,0,0.0,0.0,0.0,0.0,0.0,0.0,0.0,0.0,0.0,0.0
313_RTPV_1,313,1,RTPV,RTPV,Solar,0.0,0.0,1.0,101.7,0.0,0.0,0.0,0.0,0.0,101.7,0.0,0.0,0.0,0.0,0.0,0.0,0.0,0.0,0.0,0.0,0.0,0.0,0.0,0.0,0.0,0.0,0.0,0.0,0.0,0.0,0.0,0.0,0,0,0,0,0.0,0.0,0.0,0.0,0.0,0.0,0.0,0.0,0.0,0.0
313_RTPV_2,313,2,RTPV,RTPV,Solar,0.0,0.0,1.0,63.1,0.0,0.0,0.0,0.0,0.0,63.1,0.0,0.0,0.0,0.0,0.0,0.0,0.0,0.0,0.0,0.0,0.0,0.0,0.0,0.0,0.0,0.0,0.0,0.0,0.0,0.0,0.0,0.0,0,0,0,0,0.0,0.0,0.0,0.0,0.0,0.0,0.0,0.0,0.0,0.0
313_RTPV_3,313,3,RTPV,RTPV,Solar,0.0,0.0,1.0,65.4,0.0,0.0,0.0,0.0,0.0,65.4,0.0,0.0,0.0,0.0,0.0,0.0,0.0,0.0,0.0,0.0,0.0,0.0,0.0,0.0,0.0,0.0,0.0,0.0,0.0,0.0,0.0,0.0,0,0,0,0,0.0,0.0,0.0,0.0,0.0,0.0,0.0,0.0,0.0,0.0
313_RTPV_4,313,4,RTPV,RTPV,Solar,0.0,0.0,1.0,67.0,0.0,0.0,0.0,0.0,0.0,67.0,0.0,0.0,0.0,0.0,0.0,0.0,0.0,0.0,0.0,0.0,0.0,0.0,0.0,0.0,0.0,0.0,0.0,0.0,0.0,0.0,0.0,0.0,0,0,0,0,0.0,0.0,0.0,0.0,0.0,0.0,0.0,0.0,0.0,0.0
313_RTPV_5,313,5,RTPV,RTPV,Solar,0.0,0.0,1.0,64.8,0.0,0.0,0.0,0.0,0.0,64.8,0.0,0.0,0.0,0.0,0.0,0.0,0.0,0.0,0.0,0.0,0.0,0.0,0.0,0.0,0.0,0.0,0.0,0.0,0.0,0.0,0.0,0.0,0,0,0,0,0.0,0.0,0.0,0.0,0.0,0.0,0.0,0.0,0.0,0.0
313_RTPV_6,313,6,RTPV,RTPV,Solar,0.0,0.0,1.0,63.8,0.0,0.0,0.0,0.0,0.0,63.8,0.0,0.0,0.0,0.0,0.0,0.0,0.0,0.0,0.0,0.0,0.0,0.0,0.0,0.0,0.0,0.0,0.0,0.0,0.0,0.0,0.0,0.0,0,0,0,0,0.0,0.0,0.0,0.0,0.0,0.0,0.0,0.0,0.0,0.0
313_RTPV_7,313,7,RTPV,RTPV,Solar,0.0,0.0,1.0,64.1,0.0,0.0,0.0,0.0,0.0,64.1,0.0,0.0,0.0,0.0,0.0,0.0,0.0,0.0,0.0,0.0,0.0,0.0,0.0,0.0,0.0,0.0,0.0,0.0,0.0,0.0,0.0,0.0,0,0,0,0,0.0,0.0,0.0,0.0,0.0,0.0,0.0,0.0,0.0,0.0
313_RTPV_8,313,8,RTPV,RTPV,Solar,0.0,0.0,1.0,66.6,0.0,0.0,0.0,0.0,0.0,66.6,0.0,0.0,0.0,0.0,0.0,0.0,0.0,0.0,0.0,0.0,0.0,0.0,0.0,0.0,0.0,0.0,0.0,0.0,0.0,0.0,0.0,0.0,0,0,0,0,0.0,0.0,0.0,0.0,0.0,0.0,0.0,0.0,0.0,0.0
313_RTPV_9,313,9,RTPV,RTPV,Solar,0.0,0.0,1.0,62.4,0.0,0.0,0.0,0.0,0.0,62.4,0.0,0.0,0.0,0.0,0.0,0.0,0.0,0.0,0.0,0.0,0.0,0.0,0.0,0.0,0.0,0.0,0.0,0.0,0.0,0.0,0.0,0.0,0,0,0,0,0.0,0.0,0.0,0.0,0.0,0.0,0.0,0.0,0.0,0.0
313_RTPV_10,313,10,RTPV,RTPV,Solar,0.0,0.0,1.0,66.9,0.0,0.0,0.0,0.0,0.0,66.9,0.0,0.0,0.0,0.0,0.0,0.0,0.0,0.0,0.0,0.0,0.0,0.0,0.0,0.0,0.0,0.0,0.0,0.0,0.0,0.0,0.0,0.0,0,0,0,0,0.0,0.0,0.0,0.0,0.0,0.0,0.0,0.0,0.0,0.0
313_RTPV_11,313,11,RTPV,RTPV,Solar,0.0,0.0,1.0,65.2,0.0,0.0,0.0,0.0,0.0,65.2,0.0,0.0,0.0,0.0,0.0,0.0,0.0,0.0,0.0,0.0,0.0,0.0,0.0,0.0,0.0,0.0,0.0,0.0,0.0,0.0,0.0,0.0,0,0,0,0,0.0,0.0,0.0,0.0,0.0,0.0,0.0,0.0,0.0,0.0
313_RTPV_12,313,12,RTPV,RTPV,Solar,0.0,0.0,1.0,27.8,0.0,0.0,0.0,0.0,0.0,27.8,0.0,0.0,0.0,0.0,0.0,0.0,0.0,0.0,0.0,0.0,0.0,0.0,0.0,0.0,0.0,0.0,0.0,0.0,0.0,0.0,0.0,0.0,0,0,0,0,0.0,0.0,0.0,0.0,0.0,0.0,0.0,0.0,0.0,0.0
320_RTPV_1,320,1,RTPV,RTPV,Solar,0.0,0.0,1.0,27.3,0.0,0.0,0.0,0.0,0.0,27.3,0.0,0.0,0.0,0.0,0.0,0.0,0.0,0.0,0.0,0.0,0.0,0.0,0.0,0.0,0.0,0.0,0.0,0.0,0.0,0.0,0.0,0.0,0,0,0,0,0.0,0.0,0.0,0.0,0.0,0.0,0.0,0.0,0.0,0.0
320_RTPV_2,320,2,RTPV,RTPV,Solar,0.0,0.0,1.0,27.0,0.0,0.0,0.0,0.0,0.0,27.0,0.0,0.0,0.0,0.0,0.0,0.0,0.0,0.0,0.0,0.0,0.0,0.0,0.0,0.0,0.0,0.0,0.0,0.0,0.0,0.0,0.0,0.0,0,0,0,0,0.0,0.0,0.0,0.0,0.0,0.0,0.0,0.0,0.0,0.0
320_RTPV_3,320,3,RTPV,RTPV,Solar,0.0,0.0,1.0,28.3,0.0,0.0,0.0,0.0,0.0,28.3,0.0,0.0,0.0,0.0,0.0,0.0,0.0,0.0,0.0,0.0,0.0,0.0,0.0,0.0,0.0,0.0,0.0,0.0,0.0,0.0,0.0,0.0,0,0,0,0,0.0,0.0,0.0,0.0,0.0,0.0,0.0,0.0,0.0,0.0
313_RTPV_13,313,13,RTPV,RTPV,Solar,0.0,0.0,1.0,27.2,0.0,0.0,0.0,0.0,0.0,27.2,0.0,0.0,0.0,0.0,0.0,0.0,0.0,0.0,0.0,0.0,0.0,0.0,0.0,0.0,0.0,0.0,0.0,0.0,0.0,0.0,0.0,0.0,0,0,0,0,0.0,0.0,0.0,0.0,0.0,0.0,0.0,0.0,0.0,0.0
320_RTPV_4,320,4,RTPV,RTPV,Solar,0.0,0.0,1.0,27.0,0.0,0.0,0.0,0.0,0.0,27.0,0.0,0.0,0.0,0.0,0.0,0.0,0.0,0.0,0.0,0.0,0.0,0.0,0.0,0.0,0.0,0.0,0.0,0.0,0.0,0.0,0.0,0.0,0,0,0,0,0.0,0.0,0.0,0.0,0.0,0.0,0.0,0.0,0.0,0.0
320_RTPV_5,320,5,RTPV,RTPV,Solar,0.0,0.0,1.0,28.2,0.0,0.0,0.0,0.0,0.0,28.2,0.0,0.0,0.0,0.0,0.0,0.0,0.0,0.0,0.0,0.0,0.0,0.0,0.0,0.0,0.0,0.0,0.0,0.0,0.0,0.0,0.0,0.0,0,0,0,0,0.0,0.0,0.0,0.0,0.0,0.0,0.0,0.0,0.0,0.0
118_RTPV_1,118,1,RTPV,RTPV,Solar,0.0,0.0,1.0,9.3,0.0,0.0,0.0,0.0,0.0,9.3,0.0,0.0,0.0,0.0,0.0,0.0,0.0,0.0,0.0,0.0,0.0,0.0,0.0,0.0,0.0,0.0,0.0,0.0,0.0,0.0,0.0,0.0,0,0,0,0,0.0,0.0,0.0,0.0,0.0,0.0,0.0,0.0,0.0,0.0
118_RTPV_2,118,2,RTPV,RTPV,Solar,0.0,0.0,1.0,9.7,0.0,0.0,0.0,0.0,0.0,9.7,0.0,0.0,0.0,0.0,0.0,0.0,0.0,0.0,0.0,0.0,0.0,0.0,0.0,0.0,0.0,0.0,0.0,0.0,0.0,0.0,0.0,0.0,0,0,0,0,0.0,0.0,0.0,0.0,0.0,0.0,0.0,0.0,0.0,0.0
118_RTPV_3,118,3,RTPV,RTPV,Solar,0.0,0.0,1.0,9.4,0.0,0.0,0.0,0.0,0.0,9.4,0.0,0.0,0.0,0.0,0.0,0.0,0.0,0.0,0.0,0.0,0.0,0.0,0.0,0.0,0.0,0.0,0.0,0.0,0.0,0.0,0.0,0.0,0,0,0,0,0.0,0.0,0.0,0.0,0.0,0.0,0.0,0.0,0.0,0.0
118_RTPV_4,118,4,RTPV,RTPV,Solar,0.0,0.0,1.0,9.1,0.0,0.0,0.0,0.0,0.0,9.1,0.0,0.0,0.0,0.0,0.0,0.0,0.0,0.0,0.0,0.0,0.0,0.0,0.0,0.0,0.0,0.0,0.0,0.0,0.0,0.0,0.0,0.0,0,0,0,0,0.0,0.0,0.0,0.0,0.0,0.0,0.0,0.0,0.0,0.0
118_RTPV_5,118,5,RTPV,RTPV,Solar,0.0,0.0,1.0,9.1,0.0,0.0,0.0,0.0,0.0,9.1,0.0,0.0,0.0,0.0,0.0,0.0,0.0,0.0,0.0,0.0,0.0,0.0,0.0,0.0,0.0,0.0,0.0,0.0,0.0,0.0,0.0,0.0,0,0,0,0,0.0,0.0,0.0,0.0,0.0,0.0,0.0,0.0,0.0,0.0
118_RTPV_6,118,6,RTPV,RTPV,Solar,0.0,0.0,1.0,9.7,0.0,0.0,0.0,0.0,0.0,9.7,0.0,0.0,0.0,0.0,0.0,0.0,0.0,0.0,0.0,0.0,0.0,0.0,0.0,0.0,0.0,0.0,0.0,0.0,0.0,0.0,0.0,0.0,0,0,0,0,0.0,0.0,0.0,0.0,0.0,0.0,0.0,0.0,0.0,0.0
320_RTPV_6,320,6,RTPV,RTPV,Solar,0.0,0.0,1.0,9.4,0.0,0.0,0.0,0.0,0.0,9.4,0.0,0.0,0.0,0.0,0.0,0.0,0.0,0.0,0.0,0.0,0.0,0.0,0.0,0.0,0.0,0.0,0.0,0.0,0.0,0.0,0.0,0.0,0,0,0,0,0.0,0.0,0.0,0.0,0.0,0.0,0.0,0.0,0.0,0.0
118_RTPV_7,118,7,RTPV,RTPV,Solar,0.0,0.0,1.0,11.8,0.0,0.0,0.0,0.0,0.0,11.8,0.0,0.0,0.0,0.0,0.0,0.0,0.0,0.0,0.0,0.0,0.0,0.0,0.0,0.0,0.0,0.0,0.0,0.0,0.0,0.0,0.0,0.0,0,0,0,0,0.0,0.0,0.0,0.0,0.0,0.0,0.0,0.0,0.0,0.0
118_RTPV_8,118,8,RTPV,RTPV,Solar,0.0,0.0,1.0,11.2,0.0,0.0,0.0,0.0,0.0,11.2,0.0,0.0,0.0,0.0,0.0,0.0,0.0,0.0,0.0,0.0,0.0,0.0,0.0,0.0,0.0,0.0,0.0,0.0,0.0,0.0,0.0,0.0,0,0,0,0,0.0,0.0,0.0,0.0,0.0,0.0,0.0,0.0,0.0,0.0
118_RTPV_9,118,9,RTPV,RTPV,Solar,0.0,0.0,1.0,10.3,0.0,0.0,0.0,0.0,0.0,10.3,0.0,0.0,0.0,0.0,0.0,0.0,0.0,0.0,0.0,0.0,0.0,0.0,0.0,0.0,0.0,0.0,0.0,0.0,0.0,0.0,0.0,0.0,0,0,0,0,0.0,0.0,0.0,0.0,0.0,0.0,0.0,0.0,0.0,0.0
118_RTPV_10,118,10,RTPV,RTPV,Solar,0.0,0.0,1.0,4.5,0.0,0.0,0.0,0.0,0.0,4.5,0.0,0.0,0.0,0.0,0.0,0.0,0.0,0.0,0.0,0.0,0.0,0.0,0.0,0.0,0.0,0.0,0.0,0.0,0.0,0.0,0.0,0.0,0,0,0,0,0.0,0.0,0.0,0.0,0.0,0.0,0.0,0.0,0.0,0.0
213_RTPV_1,213,1,RTPV,RTPV,Solar,0.0,0.0,1.0,13.2,0.0,0.0,0.0,0.0,0.0,13.2,0.0,0.0,0.0,0.0,0.0,0.0,0.0,0.0,0.0,0.0,0.0,0.0,0.0,0.0,0.0,0.0,0.0,0.0,0.0,0.0,0.0,0.0,0,0,0,0,0.0,0.0,0.0,0.0,0.0,0.0,0.0,0.0,0.0,0.0
309_WIND_1,309,1,WIND,WIND,Wind,0.0,0.0,1.0,148.3,0.0,0.0,0.0,0.0,0.0,148.3,0.0,0.0,0.0,0.0,0.0,0.0,0.0,0.0,0.0,0.0,0.0,0.0,0.0,0.0,0.0,0.0,0.0,0.0,0.0,0.0,0.0,0.0,0,0,0,0,0.0,0.0,0.0,0.0,0.0,0.0,0.0,0.0,0.0,0.0
317_WIND_1,317,1,WIND,WIND,Wind,0.0,0.0,1.0,799.1,0.0,0.0,0.0,0.0,0.0,799.1,0.0,0.0,0.0,0.0,0.0,0.0,0.0,0.0,0.0,0.0,0.0,0.0,0.0,0.0,0.0,0.0,0.0,0.0,0.0,0.0,0.0,0.0,0,0,0,0,0.0,0.0,0.0,0.0,0.0,0.0,0.0,0.0,0.0,0.0
303_WIND_1,303,1,WIND,WIND,Wind,0.0,0.0,1.0,847.0,0.0,0.0,0.0,0.0,0.0,847.0,0.0,0.0,0.0,0.0,0.0,0.0,0.0,0.0,0.0,0.0,0.0,0.0,0.0,0.0,0.0,0.0,0.0,0.0,0.0,0.0,0.0,0.0,0,0,0,0,0.0,0.0,0.0,0.0,0.0,0.0,0.0,0.0,0.0,0.0
122_WIND_1,122,1,WIND,WIND,Wind,0.0,0.0,1.0,713.5,0.0,0.0,0.0,0.0,0.0,713.5,0.0,0.0,0.0,0.0,0.0,0.0,0.0,0.0,0.0,0.0,0.0,0.0,0.0,0.0,0.0,0.0,0.0,0.0,0.0,0.0,0.0,0.0,0,0,0,0,0.0,0.0,0.0,0.0,0.0,0.0,0.0,0.0,0.0,0.0
