Year,Month,Day,1,2,3,4,5,6,7,8,9,10,11,12,13,14,15,16,17,18,19,20,21,22,23,24
2024,1,1,16.5,20.3,12,11.9,11.7,6.8,7.6,19.2,10.9,32.7,35.2,35.5,35.1,21.4,16.9,19.4,15.1,23.6,33.1,38.4,40.8,37.4,41,10
2024,1,2,9.4,30.3,25,23.1,22.6,17.5,11.1,22.7,26.1,26.4,32,39.1,33.6,30.6,29.7,29.7,31.1,32.4,31.9,34.7,32.8,29.1,40.3,19.9
2024,1,3,23,24.8,21.3,12.2,11.1,18.3,43.8,44.4,42.8,28.9,11.4,11.9,30.6,31.9,28.9,32.5,12.3,25.6,26.6,23.7,25.7,26.5,45.1,16.3
2024,1,4,24.9,25.9,20.4,17.9,13.8,19.1,40.1,22.4,16.1,17.9,10.8,20.7,33.6,35.7,29.8,28.9,20.5,30.3,36,39,39.5,42.1,28.1,24.7
2024,1,5,23.2,15.9,11.9,17.3,19.7,20,15.4,37.4,25.2,26.9,27.6,31.1,39.2,32.5,33.1,31.2,26.3,24.8,25.4,25.2,34.2,34.1,40,7.1
2024,1,6,24,21.9,18.4,20.3,15.5,7.9,12.4,22.6,15.3,26.8,31.5,17.9,18,25.9,20,15.4,15.2,14.3,19.5,16.9,23.6,12.9,12.8,24.8
2024,1,7,9.7,20.6,16.6,19.2,19.5,13.1,18.6,21.6,20.8,12.7,14.6,19.8,16.5,22.7,18.3,23.2,18.4,23.4,19.5,21.1,20.4,24.3,23.6,25.2
2024,1,8,16.5,20.3,12,11.9,11.7,6.8,7.6,19.2,10.9,32.7,35.2,35.5,35.1,21.4,16.9,19.4,15.1,23.6,33.1,38.4,40.8,37.4,41,10
2024,1,9,9.4,30.3,25,23.1,22.6,17.5,11.1,22.7,26.1,26.4,32,39.1,33.6,30.6,29.7,29.7,31.1,32.4,31.9,34.7,32.8,29.1,40.3,19.9
2024,1,10,23,24.8,21.3,12.2,11.1,18.3,43.8,44.4,42.8,28.9,11.4,11.9,30.6,31.9,28.9,32.5,12.3,25.6,26.6,23.7,25.7,26.5,45.1,16.3
2024,1,11,24.9,25.9,20.4,17.9,13.8,19.1,40.1,22.4,16.1,17.9,10.8,20.7,33.6,35.7,29.8,28.9,20.5,30.3,36,39,39.5,42.1,28.1,24.7
2024,1,12,23.2,15.9,11.9,17.3,19.7,20,15.4,37.4,25.2,26.9,27.6,31.1,39.2,32.5,33.1,31.2,26.3,24.8,25.4,25.2,34.2,34.1,40,7.1
2024,1,13,13.4,10.7,8.5,10.3,20.2,7.2,6.6,13.2,35.2,11.3,8.4,7.5,11.4,8.9,15.5,12.9,12.6,12.2,29.8,33.4,41.3,31,20.2,9.6
2024,1,14,9.7,17.1,6.2,11.8,27.9,22,17.2,22.8,4.5,12.9,14.4,6.3,9.8,11.2,10.7,10.6,9.6,6.4,6.8,8.1,9.4,8,3.8,7.7
2024,1,15,3.8,11.5,18.5,12.3,6,6.7,10.5,14.7,13.6,15,15.7,17.5,19,9,9,8.5,8.8,8.8,12.9,13.4,13.3,17.5,12.4,8.7
2024,1,16,7.2,10.2,15.4,10,9.9,10.7,9.6,10.8,11.1,10.9,11.1,13.3,13.2,13.3,13.3,14.3,14.2,14.4,19.7,20.4,22.6,19.9,21.5,16.8
2024,1,17,12,9.3,13.3,15.4,12.1,14.8,9.6,8.2,6.7,7.6,6.9,7.4,12.6,18.4,12.9,12.8,13,12.8,14.7,20.5,20.7,20.4,20.7,9.3
2024,1,18,9.3,9.2,8.4,5.6,5.5,6.7,9.3,12.4,30,12.4,12.3,12.5,12.3,12.3,12.5,12.2,12,12.2,10.8,17.8,20.1,17.8,17.3,21.8
2024,1,19,21.9,10.6,11,23.5,13.8,10.3,8.2,36.3,7.3,10.9,11,8.4,11.4,9.4,9.2,9,9.5,8.5,10.5,10.6,14.1,12.1,14.6,21.7
2024,1,20,13.5,7.5,15.8,8.1,7.4,6.4,4.9,14.1,5.4,9,7.6,8.7,8.4,13.1,14.7,28.8,9.8,7.4,9.4,13.5,15.2,12.4,19.6,23.9
2024,1,21,11.7,8.9,12.5,14.9,13.4,18.1,8.4,6.7,15.1,14.9,14.8,7.6,8,8.3,8,8.1,7.4,7.2,9.6,11,10.7,18.3,14.1,14.9
2024,1,22,19.5,7.8,10.1,9,5.1,10.5,5.5,22,10.8,15.6,14.1,13.8,13.8,11.6,11,10.3,8.8,7.5,15.7,12.6,11.4,10.3,7.1,21.9
2024,1,23,26.3,13.6,11.9,8.4,6.2,6.9,7.4,22.8,21.5,15.1,13,15,16.5,18.7,20.8,20,23.2,22.3,26.6,20.7,21.2,23.9,20.5,14
2024,1,24,15.8,21.4,25.4,31.1,27.9,23.3,16.4,23.4,22.5,22.3,22.6,23.4,21.9,23,20.1,22,20.9,18.8,25.1,25.4,24.9,23.3,34.7,21.7
2024,1,25,24.1,25.2,25,16.7,20.5,13.3,9.5,23.2,24.6,25.1,25.2,27,26,25.2,25.9,25.6,27.2,25,24.6,24.8,25.2,27.3,25.7,13.5
2024,1,26,13.5,13.5,23,17.8,11.8,11.5,16,17.2,26.9,29.9,30.4,28.1,28.2,27.3,27.9,27.6,27.6,27.4,28.6,29.6,31.8,38.3,38.6,20.6
2024,1,27,10.3,23.9,25,15.6,14.2,4.8,6.1,24.8,31.3,30.7,24.4,22.6,22.6,26.6,23.5,23.1,22,21.5,22,33.8,35.7,35.2,36.1,17.9
2024,1,28,4.6,26.9,25.9,22.7,21.7,28.6,7.8,19.6,22.5,26.2,27.7,26.3,25.1,27.5,29.3,28.3,22.9,27.6,20.9,22.6,19.5,24.5,16.4,35.1
2024,1,29,10.5,20.7,20.5,13.5,11,13.6,8.4,28.7,29.6,29,30.3,33.1,29.7,29.7,33,32,31,29.6,32.7,29.7,29.9,28.2,36.2,26.9
2024,1,30,29,26,20,24.6,16.9,17.5,10.3,32.5,27.6,28.6,28.4,29.3,29.5,26.6,27,29.9,26.4,26.4,27.3,28,28.5,26.9,25,25.3
2024,1,31,15.6,25.3,20.1,22.5,18.4,15.3,16.8,25.3,29.6,32.8,32.8,31.2,31.4,31,29.2,31.1,30.2,28.6,34.2,37.1,39.5,40.7,39.7,30
2024,2,1,20.7,23.5,25.8,24.4,24.2,22,22.2,24.6,30.4,32.2,32.1,31.4,30,26.1,25.9,27,29.2,27.1,38.5,38.5,38.1,39.6,39.6,31.4
2024,2,2,35,23.9,30.2,28.2,24.8,25.8,21.9,22.7,28.4,29.3,29.2,29,31.2,26.8,28.1,26.2,26,25.5,27.2,28.8,30.1,32.8,28.1,15.5
2024,2,3,34.5,24.3,26.1,25.1,27.7,25.2,21.3,23.1,27.6,22.8,25.8,25.2,25.5,24.1,28,23.7,24.3,23.2,25.2,25.5,28.8,27.3,24,22.6
2024,2,4,17.1,24.1,25.9,25.7,22.6,25.8,22,23.5,26.8,19.9,15.7,22.8,21.8,21.7,21.8,21.9,21.6,28.8,31.4,29.4,29.5,28.8,29,24.6
2024,2,5,22.1,24,22.7,21.2,16.4,16.4,18.7,21.9,27.3,27.1,29,26.7,27.4,26.6,23.6,28.1,25.8,26.6,28.8,29.4,29.9,34.6,29,30
2024,2,6,23,32.2,34.8,31.1,31,21.7,27.4,19.6,21.7,19,18.9,19.8,24.5,28,25.6,25.8,24.6,22.7,23.5,24.3,25,41.6,41.9,37.5
2024,2,7,37.8,26.2,28.6,24,20.2,20.8,24.2,26.9,25.8,28.7,29,29.4,20.6,21.2,19.9,19.9,20.7,30.2,39.9,38.5,40.4,38.6,42.7,11.3
2024,2,8,16.1,19.4,14.3,21.7,20,10.2,22.4,43.3,35.3,37.7,36.2,33.2,33.1,28.4,28.7,28.4,27.6,27.8,27.5,27.8,34.8,32.6,34.4,17
2024,2,9,21.5,17.7,22.7,10.8,16.7,6.8,10.4,35.9,37,43.2,39.2,38.3,40.5,33,34,33.9,32.9,33.3,33.9,34.2,29.7,28.7,29.3,9.6
2024,2,10,27.5,12.9,20,16.1,19.9,25.7,20,41.7,30.5,35,35.7,38.8,39,32,33.1,31.4,30.8,25,27.8,28.9,41.2,34.4,29.1,8.3
2024,2,11,21.9,36.5,45.5,33.3,30.4,27.1,33.4,21.3,26.4,27.1,27.3,27.5,27.5,31.6,31.2,30.3,28.4,29,34.2,43.1,47.4,44.2,27.8,19.7
2024,2,12,30.2,18.3,19.6,12.8,10.7,8.1,15.2,15.8,35.6,22.5,24.7,16.7,15.8,20.5,20.5,20.9,17.5,14.3,15.4,16.4,19.6,22.2,45.5,4.6
2024,2,13,26.9,14.9,18.5,13.9,14.2,14.1,18.7,23.8,24.4,20.8,25.3,19.5,18.1,22.9,10.1,8.9,6.9,7.1,13.4,15.4,9.6,13.4,34.8,10.6
2024,2,14,7.7,15.7,10.5,3.9,6.9,8.1,14.2,19.5,19.9,25.3,18.6,23.1,24.7,19.2,22.7,26.8,18.2,17.4,33.2,33.2,34.4,34.9,28.9,4.7
2024,2,15,6,17.2,13.7,14.2,3.6,7.7,26.8,18,33,35.3,14,16.7,21.1,26.1,25.7,27.9,29.9,30.1,30.9,29.8,26.9,28.5,27.8,17.8
2024,2,16,18.9,25.1,23.1,23.9,13.4,13.5,21.7,30.5,34.5,23.2,28.3,25,24.8,23.5,24.5,21.2,22.2,24.2,23.1,24.9,23.3,37.7,40.2,14.8
2024,2,17,12.9,16.6,12.4,9.4,9.8,21,22.4,43.6,28.2,27.9,31.3,31,31,30.6,30.3,30.4,30.3,19.9,18.5,18.3,37.5,40.6,42,16.5
2024,2,18,20.3,32.7,26.4,24.4,19.8,17.2,21.8,19.8,36.2,37.1,31.4,26.4,29.2,28.1,27.9,27.9,27.7,31.2,33,27.7,37.6,37.7,40.1,14.4
2024,2,19,10.4,19.3,24,20.1,20,21.1,35.5,38.2,39.5,39.8,38.6,31.2,31.6,29.6,28.3,29.7,27.4,26.7,35.4,36.5,44.4,42.9,43.4,37.4
2024,2,20,41.7,16.5,24.3,24.5,19.9,24.4,31.4,35.7,31.1,30.7,33.7,29.9,30.3,36.8,26.6,24.1,26.7,23.5,36.2,35.6,32.6,32.7,37.8,17.5
2024,2,21,16,36.4,35.9,32.8,26.9,36.9,20.6,29.7,38.4,27.5,28.8,29.1,20,28.7,32,32,26.3,21.8,32.1,29.3,36,35.6,44.2,31.2
2024,2,22,37.8,41.4,27.3,28.3,20.9,22.1,21.9,15.3,28.6,28.4,31.2,29.6,27.8,18.8,18.2,15.4,16.3,17.7,37.1,33.5,36.3,24.6,18.6,21.9
2024,2,23,19.4,31.1,27.2,35.3,35.3,14,19.1,30.3,30,32.8,31.4,29.7,28.3,25.9,27.5,28,25.2,28.4,29.2,27.7,30.7,30.8,30.1,7.1
2024,2,24,12.6,18.2,21.9,33,21.3,39.5,27.5,20.8,22.6,28.3,27.6,28.2,22.3,25.9,25.5,21.5,19.7,21.1,28.3,26.4,27.1,28.4,29.7,17.5
2024,2,25,10.7,32.3,32.7,26.4,8.4,11.9,8,18.1,25.6,23.3,24.4,24.9,27.4,20.5,24.2,29,24.2,31.7,38.2,39.2,38.4,36.5,19.4,29.5
2024,2,26,37.2,35.9,32.1,25.6,30.9,25.7,30.3,32.7,24.4,23.3,17.9,19.3,20.9,12.4,18.7,18.5,18.5,24.8,35.3,45.1,42.9,22.2,14.3,9.6
2024,2,27,10.1,27.8,33.2,24.5,20.9,17.6,31.2,33.8,27.1,26.5,30.4,27.3,25.3,26.2,26.8,28.2,27.3,22.9,27.1,27.9,28.8,28,17.9,22.9
2024,2,28,32.9,17.8,25.1,25.5,25.7,22,30.2,31.6,31.7,30.8,29,28.5,30.9,26.6,28,27.2,25.3,24.2,30.7,29.8,30.5,28.7,29.4,8
2024,2,29,30.6,17.9,15.9,27,29.1,10.5,14,24.1,38.3,27.8,30.5,30.8,29.6,24.1,15.8,24.4,21.9,20.1,44.5,41.4,43.8,43.5,34.8,7.4
2024,3,1,10.7,16.5,16.5,20.7,21.9,7.9,11.6,34.1,34.9,38.7,37.6,35.9,38.8,38,37.6,37.7,35.1,35.2,39,36.6,37,34.6,27.8,20.7
2024,3,2,21.6,27.5,22.2,30.4,29.5,16.3,16.6,37.7,37.4,34.7,34.1,32.7,30.4,32.2,27.2,29.1,29.7,27.4,30.5,29.8,29.7,30.4,28.4,15.2
2024,3,3,17.8,36.2,37.2,32.6,33.1,34.6,35.3,27.6,28.3,23.8,27.2,27.8,23.7,26.8,20.1,20.6,15.2,10.1,43.2,38,37.5,38.1,33.5,22.6
2024,3,4,16.6,13.7,20.8,12.4,7.3,18.1,30.9,39.9,43.9,41.6,37.3,38.1,37.7,34.4,36.2,35.7,36.3,21.1,40,39.8,39,37.4,30.4,23.1
2024,3,5,31.2,24.2,26,18.1,19.8,9.7,7.2,28.6,32,29,31,31.6,29.6,31.7,32.1,31,29.3,28.6,34.1,32,45.6,43.1,34.2,39.3
2024,3,6,38.1,15.1,22.6,24.4,22,11.5,14.8,34.5,40.3,37.4,43.4,41.4,37.3,36.8,37.1,38,36.6,31.7,33.8,32,34.2,30.5,32.2,12.3
2024,3,7,12.2,26.6,25.9,26.8,22.6,15.9,16.9,26.9,32.5,32.7,35.5,30.3,34.3,33.8,36.2,37,31,29,31.9,26.7,30.6,31.3,31,22.1
2024,3,8,12.1,27,27.3,19.5,26.8,22.4,21,40.3,21.6,34.7,34.6,32.7,32.5,35.3,35.3,37.3,36.9,33.4,34.3,34.6,33.3,33.4,39,11
2024,3,9,21.8,34.8,34.3,26,17.5,16.6,22,23.7,25.7,29.5,27.6,28.4,31.8,30.9,30,29.5,29.7,30.3,28.4,27.1,29.7,19.6,28.9,28.9
2024,3,10,19.9,28.2,22,22.6,18.9,20,20.2,31.1,26.8,36.2,36.9,36.4,34.3,36.8,36.9,35.9,32.8,35.9,36.6,32.5,34,30.7,17.9,18.3
2024,3,11,12.4,14.5,19.8,18.8,18.7,19,25.8,32.1,24.6,31.3,31.8,31.5,30.1,30.4,31.8,31.6,27.2,30.2,34.9,24.6,27.4,28.3,23.9,16.4
2024,3,12,16.5,17.6,21.9,22.8,15.8,13.9,20.3,19.7,21.3,24.8,25.6,25.5,23.3,22.4,25.3,25.3,25.3,25.3,25.3,25.3,25.3,25.3,25.3,25.3
2024,3,13,25.3,25.3,25.3,25.3,25.3,9.1,19.7,20.8,23.7,15.9,8,9.8,26.6,25.9,24.7,24.7,25.5,27.1,35.8,37.5,35.9,35.5,37,27.5
2024,3,14,15.3,19.2,18.7,18.2,12.4,15,13.1,25.1,24.4,21.4,24,19.9,11.6,25.5,19,19.2,18.6,18.4,22.5,25.7,26.8,27.7,27.6,20.2
2024,3,15,27.1,25.3,18.3,17.7,17.9,15.6,8.4,27,26.3,11.9,12.8,15.6,17.4,26.6,22.6,23.3,23.2,23,22.7,22.8,23,24.4,29.4,26.1
2024,3,16,17.1,22.3,19.4,23.4,14.9,11.1,11.7,17,16.2,17.6,20.6,20.9,14.4,26.9,19.3,21.8,21.1,19.5,30.8,27,25.6,39.8,39.2,12.8
2024,3,17,18.2,22.8,18.5,15.1,21,15.5,15.1,28.4,25.5,21.5,25.5,22.8,19.7,18.5,22.1,13.4,14.7,11.7,35.5,39.8,38.7,27.7,26.1,10.9
2024,3,18,14.7,28.9,15.3,19.8,19,15,33.7,17.3,22.6,21.9,23.2,25.8,29.2,25.7,23.3,28.2,23.3,24.7,32.5,31.2,31.5,25.5,29.4,25.1
2024,3,19,13.6,23.1,24.7,23.9,20.8,12.8,16.9,20.2,24.3,27.4,25.9,24.8,24.5,33,32.9,31.1,30.5,30.2,25.7,24.6,28.7,34.3,27,24.5
2024,3,20,18.4,24.7,24.1,19.5,20.4,16.4,20.9,27.9,29.8,28.7,29.7,28.1,29.4,27.7,17.6,26.7,27.5,26.4,25.3,26.7,26.9,27.9,28.2,18.9
2024,3,21,15.9,28.2,26.7,29.4,26.5,22.7,18,16.7,16.7,27.5,27.6,31.2,30.6,28.3,27.5,30.3,28.9,28,27.9,27.4,29.7,31.5,24.7,18.3
2024,3,22,17.3,15.5,10.6,18.4,12.6,16.9,28.5,31,46.3,35.2,32.5,28.5,29.1,33.1,31,38.1,19.8,17.3,31.8,41.3,37.9,26.9,22.5,22.8
2024,3,23,23.6,24.8,19.2,23.7,23.1,14.1,22.2,34,31.4,37.2,37.4,28.8,26.7,32.8,34.4,19.8,27.6,20.5,31.4,39.5,34.9,21.4,13.3,24
2024,3,24,23.9,25.8,28,25.6,26.9,26.6,12.8,36.9,13.6,20.8,32.3,34.2,33.2,31.9,22,22.1,17.7,19.9,32.8,29.5,30.4,29.9,21.1,17.3
2024,3,25,10.7,22,12.9,19.7,18.8,9,12.8,20.1,21.6,39.1,34.1,30.5,28.3,27.9,25.4,27.4,28.4,25.4,26.5,28.1,32.7,33,33.2,31.8
2024,3,26,31.5,23.6,18.1,21.2,14.2,7.8,7.5,26.5,44.7,35.7,35.3,24.4,18.1,18.2,20.5,20.7,18.3,9.1,21.4,38.6,38.2,34.1,37.6,21.7
2024,3,27,13.3,31.4,25.8,23.6,16.3,10.5,26.4,19.8,27.3,30.1,30.5,26.9,26.9,28.3,29.3,29,28.6,27.7,34.1,30.9,30.1,26.5,26,8.9
2024,3,28,12.7,15.7,17,23.3,14.8,10.5,15.1,27,31,30.5,28.3,27,32.2,22.2,24.1,25.5,24.9,23.5,24,27,27.6,27.9,25.1,21.2
2024,3,29,20.7,20.7,14,23.4,13.4,12.2,16.6,27.2,21.7,21.7,24.9,22.9,24.4,24.3,27.2,24.8,24.1,27.2,24.7,24.4,25.2,23.3,29.5,24.5
2024,3,30,28,12.9,14.9,19.8,10.9,9.2,7.4,32.8,33.8,26.6,26.9,29.2,29.9,43.5,21.8,11.5,10.8,13.8,22.2,22.9,25,26.6,34.8,26.3
2024,3,31,14.2,21.6,26.4,25.9,26.7,19,17.2,18.3,20.7,19.2,20,19.5,19.5,18.3,14.2,10.5,21.5,23.2,26.8,32.8,36.2,16.1,22.2,19
2024,4,1,26.3,22.8,25.4,22.4,19.9,10,14.1,18.7,22.9,28,27.8,23.5,22.7,22.4,25.3,24.1,24.4,23.5,21.8,23.5,22.7,29.8,25.9,23.3
2024,4,2,15.2,21.1,16.8,15.8,11.8,17.2,24.8,28.6,18.2,21,22.8,20.8,21.3,21.8,22.4,22.3,22.9,21,31.1,32,37.4,28.8,28.1,18.9
2024,4,3,19.3,31.5,29.6,18.8,28.9,23.3,16.7,24.8,19.8,25.2,23.4,24.7,27.7,13.9,13.6,12.5,7,6,5.4,26.2,27.2,25.2,32.4,27.2
2024,4,4,14.2,23.4,19.2,17,20.6,24,13.3,11.2,23.8,22.5,23.1,24,24.8,24.8,22.4,24.6,21.9,24.3,24.7,24.7,25.2,45.4,36.1,17.2
2024,4,5,12.2,26.7,15,23.7,23.8,13.2,17.1,13.3,21.7,24.8,30.1,28.7,29.9,29.7,24.8,23.7,22.1,21.8,21.5,24.1,26,23.3,13.5,14.1
2024,4,6,20.2,19.4,21.3,9.6,24.9,23.7,11.3,31.9,33.3,24.4,19.4,18.9,16.7,24.1,22.5,27.4,28,28,22.5,25.4,27.2,25.5,27.3,24.7
2024,4,7,27.8,11.5,14.1,16.3,28.3,25,15.5,39.6,39.5,22.6,25.3,25.7,23.5,23,21.8,21.7,21.7,25.1,23.1,35.1,35.7,32,10.8,10.7
2024,4,8,21.4,22.1,16.5,14.9,8.9,26.2,19,26.3,33.8,34.7,39.9,32.4,33.1,31.2,32,28,26.6,28.4,26.6,28.4,32.7,19.9,16.3,16.9
2024,4,9,19,27.1,20.1,22.1,27.7,31.3,26.6,34.3,23.6,21.6,33.2,26.5,26.3,26,28.6,28.6,24.2,27.3,27.3,27.5,34.1,28.5,26.8,19.9
2024,4,10,34.4,39.1,34.4,25.6,15.2,16.7,11.5,18,23.6,28,25.7,23.1,26.3,26.1,25.2,35.9,24.8,27.7,34,34.8,27.6,20.9,21.4,16.1
2024,4,11,28.2,28.8,29.5,28.2,32.8,19,17.8,13.9,23.7,27.7,25.5,28.7,29.6,34.8,38.9,29.9,33.3,31.9,23.7,28,27.6,42.5,15.6,22.2
2024,4,12,24.6,19,17.1,20,18.9,23.3,33.5,28.3,31.4,27.6,27,26.1,47.6,47.1,44.6,35.7,34.9,45,31.8,29.9,22,23.4,16.3,11
2024,4,13,23.3,22.8,23.3,21.4,25.1,15.6,24.6,30.3,29.3,29.4,27.4,25.7,33.4,39.4,37.9,37.5,37.9,25.1,11.2,46.9,37.1,41.2,7.9,11.9
2024,4,14,24.2,25,27.5,26.4,29.7,17.1,28,26.5,26.2,24.3,27.1,24.7,33.2,40.2,41.1,36,36.7,25.8,17,23.1,16.6,32.4,20.6,18
2024,4,15,24.1,22.1,18.3,14.8,22.7,14.6,17.2,17.9,30.1,27.1,22,23.1,40.2,43.7,42.5,44.7,40.6,34.6,25.9,31,27.2,39.6,22.2,15.7
2024,4,16,16.9,13.2,12.5,16.6,4.8,15.7,18.1,28,39.9,37.4,35.5,34.1,34.7,32.6,34,35.7,32,32.5,31.9,36,30.2,36.1,28,21.1
2024,4,17,27.5,11.6,12.6,21.5,13.2,10.7,17,38.2,31,28.8,26.9,25.6,34,43.3,40.2,36,36,37.9,25.2,29.4,28.3,40.3,14.9,20.6
2024,4,18,36.1,36.1,23.3,24.1,22.3,10.5,27.7,27.8,28.5,28.3,28.4,28.4,28.4,28.4,30.9,29.5,30.6,30.3,29.3,32.1,28.8,25.8,29.9,23.5
2024,4,19,29.6,24.7,17.5,29.4,22.1,19,27.9,41.4,34.4,32.7,27,24.5,35.9,37.4,37.7,35.2,35.1,40.3,33.2,37.2,32.6,29.6,14.3,21.9
2024,4,20,23.4,18.9,24.5,21.9,26.6,9.9,20,21.6,26.1,24,42.7,38.4,34.1,40.4,34.3,24.5,17.5,26.6,27.3,33.6,40.1,33.7,25.7,30.5
2024,4,21,30.3,27.6,30.3,30.6,36.7,31.8,15.6,16,19.2,22.6,23.2,24.2,25.3,25.3,23.2,27.9,27.4,37.9,29.1,30.1,17.6,18.2,21.4,34.9
2024,4,22,37.4,35.7,36.8,39.1,26.7,24.3,24.3,23.4,21.6,19.8,20.6,34,39.2,36.5,40.1,26.1,28.2,34.1,33,29.2,40.6,38.5,10.6,30.3
2024,4,23,28.8,29.3,25.2,29,29.3,21.3,0.2,0.2,0.2,0.2,0.2,0.2,0.2,0.2,0.2,0.2,0.2,30.1,32.5,41.7,34.7,35.3,33,30.6
2024,4,24,27.4,30.6,29.1,30.9,21.3,22,23.6,31.8,28.7,34.6,32.6,34.5,35.5,39.8,39,29.9,26.4,12.2,3.1,14.9,24.7,35.8,32.8,19.7
2024,4,25,27.7,29.2,31.2,29.1,29.1,37,23.3,22.8,34.4,29.6,28.6,21.4,29.2,36.7,35.1,37.2,31.9,31.8,32.7,42,37,34,22.3,16.1
2024,4,26,21.6,22.8,20.6,17.9,22.7,25.3,27.7,34.4,18.1,27.1,42.8,38.5,37.3,31.9,33.4,37.7,37.6,43.1,37.2,40.8,42.3,28,21.8,28.1
2024,4,27,34.8,30.7,15.9,17.4,15.5,7.4,18,44.9,30.1,35.9,33.3,34.2,27,32.6,21.5,26,25.3,15.2,23.9,44.4,45.9,41.9,16.6,17
2024,4,28,19.6,17.7,25.4,23.8,25.7,22.4,36.5,29.2,24.7,28.9,27.7,26.2,23.9,17.5,22.1,23.8,26.7,38.3,34.4,44.8,41.9,37.8,34,38
2024,4,29,11.1,17.4,18.9,18.3,15.9,34.2,30.8,22.9,17.5,27.5,36.6,36,37.2,42.5,44.5,43.9,38.5,31,22.5,26.2,40.5,38.3,32.3,30.5
2024,4,30,27.1,26,19.2,18.8,17.1,19,25.6,31.3,18.3,20.1,15.1,16.5,40.3,38.1,37.4,35.9,35.9,36.6,29.2,31,26.5,33,15.2,17.2
2024,5,1,19.4,23.8,17,20.9,25.4,18.8,30.9,21.5,21,22.9,22.5,21.2,21.4,21.2,23.8,23.7,31.6,39,28,40.9,44.6,42.1,18.1,13.4
2024,5,2,47.2,23.3,33.2,28.7,24.1,7.4,17.1,30.8,19.6,18.7,12.6,17.9,23.3,25,24.5,23,34.2,24.5,23.5,33.2,25.1,27.7,26.1,44.4
2024,5,3,22.2,26.1,29.9,25.9,25.6,9.9,36.4,32.4,33.1,31.8,18.4,16.7,21.1,32,34.5,33.5,33.3,21.8,14.7,12,17,37.1,21.2,19.8
2024,5,4,27.8,25.6,17.1,18.7,15.6,14.5,31.5,28.1,23.8,24.4,27.4,29.7,30.8,33.4,28.2,30,29.5,34.2,29.3,28.6,27.7,26.4,11.1,7.4
2024,5,5,24.3,25.9,25.8,23.6,26.9,19.3,24.1,6.2,14,13.9,17.5,15.5,21.6,25.9,25.6,38.1,37.6,39.5,36.6,42.9,18.9,23.5,13.7,17.7
2024,5,6,19.8,16.8,17.7,11.8,11.9,11.6,25.4,40.1,45.8,45.9,33.1,30.3,29.7,29.9,30.6,28.9,31.6,38.8,30.6,28.3,16.4,29.1,27.8,21.3
2024,5,7,25.8,21.7,21.9,11.4,17,14,13.8,23.6,25.2,25.9,22.5,23.7,24.7,24.4,26.2,30.5,31.7,32.9,29.7,31.2,29.4,27,10.9,8.4
2024,5,8,7.8,16.5,11.3,15.9,9.1,14.5,33.1,25.8,26.1,30.2,33.5,31.3,29.9,32.5,32.6,31.3,32.4,32.6,32.5,29.4,28.6,29.5,10.8,9.7
2024,5,9,17.6,25.3,30.8,23.1,26.3,21.1,13.9,27.3,27.9,25.9,28.6,27.4,28.1,29.2,30.2,29.3,29.7,28.4,29.2,33.4,29.8,29.9,12.2,11.5
2024,5,10,20.9,13.9,24.5,15,16.7,9.1,36.9,26.1,28.6,30.9,22.4,21.1,27,26.1,27.2,32.8,28.4,26.9,32.7,32.8,11.8,22.2,21.5,21.4
2024,5,11,27.7,30.1,34.7,31.9,26.1,17.3,33.5,13.3,12.9,26.4,22.9,14.2,36.2,22.5,20.3,22.2,20.8,23.1,28.1,30,25.7,24.3,22.3,19.4
2024,5,12,17.8,12.7,15.5,14.1,15.9,23.9,26,14.1,9.5,22.2,35.3,33.2,36.5,36.1,24.9,35,35.2,25.5,27.2,24.5,26.7,41.6,36.2,27
2024,5,13,16.6,9.4,12,11.6,13.8,24.8,33.8,30.4,31.2,31.5,29.7,31.1,33.1,33,33.2,32.9,31.7,31.5,33.4,33.7,31.4,25.3,25.3,25.7
2024,5,14,35.4,33.7,34.1,19.9,4.1,7.3,15,14.5,26.7,29.9,28.2,28.3,28.5,24.1,24.1,25.2,25.3,25.3,22.3,22.6,25.5,26.6,14.8,19.9
2024,5,15,13.6,18.8,19.3,18,26.7,16.9,21.6,17.6,32.9,27.9,28.1,34.5,26.8,26.6,27.1,30.6,28.8,28.2,28.1,28.5,28.7,23.1,12.6,17.1
2024,5,16,15.6,18.9,16.6,10.6,11.2,16.6,19.6,22,26.2,27.3,27.3,27.5,24.8,34,32,31.8,29.7,26.8,23.5,24,27.2,25.2,9.4,14.3
2024,5,17,15.3,13.3,19.1,18.8,15.8,6.6,28.3,26.7,26.1,25.2,30.2,32.7,28.5,31.3,29.3,32,31.4,29.7,30.1,31.9,17.6,38.9,20.4,17.8
2024,5,18,9.9,15.3,16,15.4,5.5,4.5,31.6,30.6,32.7,23.9,26.1,22.9,37.6,32,31.8,31.6,35.8,37.2,29.7,32.2,36.3,23.1,24.7,23.1
2024,5,19,19.1,16,16.4,23.1,22.3,24.1,21.2,8.9,9.4,34.6,33.5,43.1,43.2,39.3,42.9,27.6,27.3,24.8,24.7,19.4,24.3,19.9,29,9.7
2024,5,20,12.1,12.5,13.5,18.5,13.7,18.3,25.7,16.7,43.9,24.6,40.3,40.4,29.1,34.7,36.3,37.9,38.3,39.4,34.9,33,32.2,22.7,15.4,10.2
2024,5,21,19.7,18.5,33.4,26.6,9.1,10.6,25.2,19.1,29.4,34.9,34.4,37,37.7,38,34.2,34.3,34.4,34.2,29.9,29.2,28.8,26.3,9.7,9
2024,5,22,14.3,13.1,16.4,15.5,12.1,12.8,38.2,18.1,31.1,34.8,36.3,23.6,42.6,43.7,49.7,49.9,38.9,33.6,22,25.9,35.9,35.8,27.8,7.2
2024,5,23,11.7,9.2,18.4,10.3,19.9,15.3,39.9,24,23.7,38.1,37.9,14.2,39.4,39.1,50,43.6,43.9,43.7,43.2,38.3,33.1,34.8,17.3,18.6
2024,5,24,26.5,28.9,25.5,23.7,27.3,17.2,26.9,34.5,39.8,35.1,27.4,27.5,27.7,29,30.4,42.7,30.8,30.1,36.4,37.4,37.9,32.3,35.1,33.7
2024,5,25,26.7,10.8,21.8,12.8,9.5,11.9,25.6,15.1,31,30.8,30,30.3,28.7,31,28.7,25.9,26.3,28.9,26.1,31.8,48.4,46.9,44.8,39.4
2024,5,26,31.7,24.6,18.6,16.4,20.6,28.2,39,25.9,25.6,18.3,11.2,26.9,27.1,37.5,39.6,35.5,36,33.4,33.7,29.2,30.3,31,22,14.8
2024,5,27,17.8,21.7,25.4,18.4,16.7,35.1,35,29.7,29.5,35.7,37.3,34.4,31.8,32,38.1,39.6,41,39.5,38.6,32.9,31.2,23.6,23.4,21.1
2024,5,28,27.6,19.7,29.2,23.6,20.8,8.9,28.6,32.8,32.9,35.8,33.3,32.8,45.5,44.3,36.8,35.2,33.1,29.7,21.3,34.4,34.3,42.7,13.9,12.2
2024,5,29,25.6,24.4,26,23.3,21.3,19.4,34,29.4,35.9,37.5,36.8,35.4,33.7,32,31.4,36.1,33,31.8,27.7,29,27.6,29.4,20.8,22.7
2024,5,30,24.7,23.6,23.6,22.5,19.5,17.4,27.9,25.8,34.7,35.6,36.7,31.9,35,35.5,39.8,30.2,30.8,29.4,28.4,36.3,22.9,19.3,16.7,16.4
2024,5,31,31.6,30.6,30.9,23.6,20.6,25.4,22.8,28.4,34.1,34.4,25.4,28.2,25.9,38.9,39.1,39.1,42,28.5,31.4,29.1,26.6,37.8,27.4,18.4
2024,6,1,17.5,14.2,18.8,26.7,30,13.6,13.4,13.4,36.8,31,29.8,32.7,33.6,33.3,34.2,37.4,38.4,38.7,35.5,38,29.2,31,21.1,23.2
2024,6,2,37.1,40.6,26.4,20.4,21.8,15.7,18.8,15.4,13.6,31.6,30.4,26.8,21.1,35.5,33.1,43.7,43.2,44.2,44.4,41.9,25.4,38.3,16.3,10.4
2024,6,3,33.4,31.2,18.7,17.7,16,16.5,29.5,25.8,31.3,40.2,40,33.8,29.3,35.4,31.6,31.2,25.3,21.3,27.8,20.6,26,29.1,25.9,27.6
2024,6,4,30.5,25.2,28.9,25.5,31.9,36.3,19.5,22.6,29.1,30.5,33.4,34.3,34.9,37.8,31,42.1,41.9,27,19.9,24.1,23.4,23.9,30.1,28.6
2024,6,5,22.6,28.9,19.8,24.5,19.6,18.3,27.6,26.6,33.5,23.7,34.7,38.2,33.6,34.1,35.1,36,34.5,34.6,31.7,32.4,26,34.1,28.3,28.8
2024,6,6,26.6,26.4,27.6,21.8,25.4,26,29.5,22.2,25.3,35.7,30,31.4,29.8,28.1,28.4,34.3,30.9,23,30.3,29.3,27.9,39.9,19,17.6
2024,6,7,32.1,28.1,25.7,28.3,19.2,25.4,26.7,24.8,38.2,35.8,48.5,29.5,32,36.5,37.1,37.3,36.5,32.9,19.6,29.1,23.5,45.6,25,24.4
2024,6,8,31.4,38.4,31.2,36.2,34.6,25.6,35.8,22.1,21,23.8,26.4,23.1,22,24.5,28.8,31.5,29.8,33.8,30.9,33.5,24,35.3,18.4,26.3
2024,6,9,36.7,39.4,31.5,33.4,31.6,22,19.4,10.4,19.6,37.5,37.9,20,12.1,19.6,20.7,31.3,32.2,30.6,48.4,48,37.7,16.6,28.5,20.2
2024,6,10,21.6,20.8,26.2,25,21.7,17.6,37.9,39.5,35,36.6,24.6,29.6,33.5,31.6,31.8,34.9,34.2,35,22.8,21.9,33.8,35.3,25.2,21.2
2024,6,11,23.4,24.2,25.1,22,21.5,14.3,25.2,29.3,37.1,34,33.8,42.3,40.2,34.1,24.3,32,36.2,42,33.5,33,35.4,36.9,16,19.9
2024,6,12,11.5,16.2,16.7,19.3,15.1,20.3,34.7,42.5,38.8,37.5,30.8,26.6,27.2,27.1,22.6,35.8,35.8,38.8,29.7,36.7,35.7,36.8,22.3,33.2
2024,6,13,33.8,31.7,38.9,27.7,24.6,23.4,23.1,18.9,23.8,33.2,29.3,26.9,26.6,27.2,30,33.4,33.8,26.7,25.9,26.9,27.5,21.8,25.4,15.1
2024,6,14,30.6,28.6,25.3,28.3,35.6,38.7,33,34.2,21.3,38.7,32.4,22.2,36.7,32.9,31.1,32.3,32,29.1,31,33.6,28.2,30.6,25.1,29.9
2024,6,15,16.8,17,15,17.8,10.8,25.1,38.3,43.4,46.4,42.3,37.5,33.5,32,30.6,26.1,41,40.2,30,28,27.1,18.7,38.4,18.8,15.4
2024,6,16,20,24.2,19,24.9,24.6,24.6,29.9,23.1,32.6,39.3,30.1,39.3,32.6,33.4,30.3,41,37.9,38.1,40,39.9,36.6,36.6,31.7,34.7
2024,6,17,26.4,16.9,18.5,15.5,24.7,19.6,33.1,39.2,37.7,41.7,40.3,41.1,35.8,37.4,32.8,38.5,40.1,38.9,33.7,36.5,36.1,32.5,37.8,33.3
2024,6,18,38,37.8,37.5,37.5,33.9,22.5,27.6,31.3,30.6,31.8,0.3,34.4,32.2,32.3,31.3,27.1,27.7,28.9,38.8,38.1,38.6,33.7,35,38
2024,6,19,36.4,26.1,31.1,39.2,40.9,24.9,26.3,28.4,30.3,30.5,30.3,30.5,31.1,31.3,32.8,28.4,30.1,31.9,32,39.8,37.5,36.1,15.7,22.2
2024,6,20,38.8,33.1,38.5,42.7,32.6,31.2,25.7,29.3,30.2,30.8,32.2,30.6,31,30.9,30.7,30.8,24,31.5,40.4,39.5,37.9,33.3,26.5,45.9
2024,6,21,41.8,35.2,38.1,37,34.3,34.4,29.7,29.8,30.7,30.2,31.6,30.2,33.9,36.7,36.5,27.8,29.2,45.2,40.8,44.8,38.3,38.6,37,37.6
2024,6,22,24.9,29.3,27.3,28.5,32,28.7,34.2,32.2,38.8,33.5,35.8,34.4,33.7,33.5,33.7,36.2,35.8,35.4,34.4,34,40.9,39.6,20.8,27
2024,6,23,30,31.8,28.1,31.8,31.7,30.3,38.6,36.1,33.1,33.4,39.8,34.4,44.4,39.2,38.6,38.9,39.3,35.9,35.1,33.1,35.9,25.1,26.6,24.4
2024,6,24,18.8,18.7,21.9,25.3,23.8,16,15.6,23.5,38.4,38.3,35.9,34.8,44.4,43.4,44.3,44.2,45.9,44.1,35.6,33.2,35.7,32.6,24.4,24.6
2024,6,25,24.7,18.1,21,23.7,22.5,15.9,35,28.6,26.3,27.5,34.7,34.8,38.6,36,36.5,37.6,35.8,37.4,32.4,30.6,30.2,27.1,26.7,26.5
2024,6,26,15.7,16.3,13.8,16.4,9.7,24.4,39.5,42.2,40.1,22,26,14.1,40.4,41.2,42.2,42.3,42,40,36.9,38.1,43.5,42.7,34.5,32.3
2024,6,27,30.5,27.6,31.8,20.5,21,13.3,20.7,25.6,20.7,24.2,39.2,26,35.2,38.9,35.5,42.3,38.3,34.8,33.8,32,33.9,31.8,27.2,36.4
2024,6,28,26.9,27.7,31.4,29.7,31.4,20.7,28.4,28.3,36.3,37.6,31.2,31,38.3,36.8,42.1,42.3,40.6,35,34.3,37,38,34.2,25.1,24.2
2024,6,29,25.9,27.9,29.6,24.5,32.6,14.7,31.1,27.4,30.8,11.7,34.6,35.7,42.2,41.5,43.6,48.3,45.3,44.4,38.5,40.2,40.1,39.3,28.1,26.8
2024,6,30,31.2,33.9,33.4,40.3,33.6,20,31.2,31.4,37.2,34.2,36.3,37.2,22.9,23,39.6,41.4,41.1,42.1,42.1,40.7,37.6,42.1,40.4,35
2024,7,1,31.1,33.6,30.5,25.3,35.7,25.4,36.2,36.9,45.5,24.4,26.6,22.4,41.5,41,40.5,40.2,40.1,41.8,41.7,45.7,38.9,41.2,31.4,31.3
2024,7,2,40,36.4,40.1,41.9,42.1,29.3,30,28.5,37,39.8,39.2,37.5,38,38.4,36,41.8,33.6,33.9,39.4,46.1,25.9,38.1,18.9,26.6
2024,7,3,35.1,34.4,33.9,28.3,30,34,37.2,45.4,38.3,36.9,37.5,30.3,38.8,36.7,38.1,40.4,41.5,39.4,34.4,34.3,39,37.5,30.7,28.6
2024,7,4,38.3,34.4,35.5,40.9,37.6,16,23,24.2,25.5,29.7,43.5,36.3,40.2,34.4,36.4,43,44.9,45.4,45.9,43.7,41.4,38,29.5,33.6
2024,7,5,25.8,27.4,31.9,28.8,40.7,35.5,31.3,31.7,34.9,20.5,35.1,25.4,37.7,42,40.8,43.7,40.8,41.5,42.2,42.8,42.7,42,38.9,44.5
2024,7,6,36.2,25.6,31.1,30.6,30,31,29.1,27,44.2,37.1,20.9,34.6,41.3,43.7,43.1,42.1,40.3,38.1,38.7,36.3,41.8,38,30.9,38.1
2024,7,7,32.8,30.4,39.9,39.1,39.3,36.2,37.9,37.1,37.9,38.3,41,38.6,37,37.3,36,36.1,36.7,34.7,34.4,34.7,35.7,35.6,35.4,19.3
2024,7,8,31.9,35.5,29.9,30.4,32.4,27.5,37.2,28.7,29,28.5,35.3,34.4,46.1,42.8,45.7,40,41.6,40.2,37,39.4,42.1,44.6,41.4,18.1
2024,7,9,40.4,34.7,38.2,35.9,35.8,33.1,38.1,34.7,34.4,36.1,33.3,40.1,41.5,40.3,42.7,43.8,43.8,42.7,41,42.9,36,36.2,24.3,36.2
2024,7,10,38.5,30.2,36.4,31.4,32.2,23.3,27,27.3,30.4,36.6,39.6,42.5,40,42.3,38.8,42,40.3,41.8,40.7,37.3,38.5,35,30.8,31.7
2024,7,11,26.4,31,35.2,33.6,32.8,30.1,39.5,38.4,38.7,35.2,38.4,35.4,43.2,42.1,42.4,40.7,40.7,40.6,42.4,40.4,41,38.8,39.7,40.7
2024,7,12,30.8,25.3,29.7,34.7,25.8,23.5,29.7,25.4,39.2,43.1,41.4,38.2,42.4,44.4,46,49.7,49.4,46.9,46.9,45.9,29.5,29.4,11.7,17.1
2024,7,13,36.9,31.4,37,27,37.3,33.4,42.6,31.4,36.1,40.9,42.3,42.6,40.9,44.8,35.7,38.1,33.8,38.3,33.4,39.3,34.5,36.6,23.3,27.5
2024,7,14,26.7,31.6,31.6,32.9,33.5,25.8,35.4,33.7,33.3,32.8,36.7,42.2,41.2,38.2,40.2,39.3,39.1,42.1,37.6,39.4,42.6,36.5,36.1,35.5
2024,7,15,32.6,34,31.2,30.7,29.2,32.4,38,31,38.2,37.2,45.3,40.2,38.6,40.9,38.3,41.7,41.1,40.3,40.5,40.8,39.6,41.9,35.8,29.9
2024,7,16,30.2,34.6,37.4,29.6,31.2,24.7,37.7,37.8,38.1,38.8,40.9,40,36.4,37,33.4,40.1,37.3,39.6,38,37.8,41.3,38.9,26.6,25.9
2024,7,17,30.4,31.5,35.2,38.7,37.6,27.8,24.5,31.2,32.8,35,34.5,35.1,38.9,40.5,36.6,39.9,38.1,36.5,37.1,37,36.9,35.8,33.7,32.2
2024,7,18,31.2,30.5,26.1,29,31.3,27.9,23.6,27.5,30.4,37.9,38,39.3,38.6,38.8,38.9,40.5,39.4,39.3,45.9,43.4,43.4,44.7,42.3,31.8
2024,7,19,41.3,36,42.5,35.1,34.8,37.2,35,37.7,37,37.8,38.8,37.9,39.8,39.6,40,42.6,42.1,42.3,43,40.7,38.3,36.2,32.7,33.6
2024,7,20,40.3,42.7,33.1,42.1,36.2,34.3,28.5,32.7,43.8,35,39.5,32.9,38.5,31.1,31,39.5,42,38.8,38,36.7,34.9,37.5,37.4,33.3
2024,7,21,34.6,34.6,40.7,43.8,43.1,36.7,40.3,32.9,41.1,34.3,33.8,31.3,28.9,32.7,31.9,34.3,36.5,33.7,35.7,37.3,35.7,33.8,40,36.2
2024,7,22,32.9,43.9,44.3,34.1,41.2,38.2,40.6,28,30.2,36.3,33.8,30.2,35.4,39.1,40.5,37.7,36.1,39.5,34.8,39.2,43.3,33.6,42.1,36.2
2024,7,23,38.9,34.9,34.5,39,35.5,36,46.7,33.9,39.3,36.1,36.7,36.2,36.6,33.1,34.9,36.4,36.1,32.9,36.9,42.8,37.7,34.2,33.6,32.4
2024,7,24,38.3,29.7,29.9,27.8,26.3,35.3,33,40.2,40.6,37,32,31.7,35.7,34.5,39.2,38.8,38.8,33.5,33.9,33.5,36.5,38,31.9,30.6
2024,7,25,27.3,30.7,30,25.5,27.3,28.8,32.8,34.7,36,39.8,41.1,42.1,37.7,39.3,39.8,39.6,38.8,42.7,44.5,44.1,43.5,42.9,29.8,32.8
2024,7,26,37.6,29.4,28,26.7,29.8,21.4,40.2,34.2,38,37.5,39.1,33.5,37.4,45.3,40.8,42.9,40.2,42.2,39.2,39,39.3,36,39.3,41.8
2024,7,27,36.6,35.4,39.7,31.4,28.7,23.8,32.6,34.9,34.5,39,34.8,37.3,39.9,36.4,38.8,36.8,42.5,39.6,36.8,37.1,36.3,35.3,40.4,36.4
2024,7,28,36.9,33.1,32.8,28.6,33,42.2,31.6,36.7,43.4,38.5,36.2,36.6,38.9,39.3,38,40.9,43,42.1,38.2,36.9,30.9,37.1,34.3,34.1
2024,7,29,38.4,42.4,36,29.6,26.1,28,34.6,35.2,40.1,36.9,36.7,38,38,40,38,38.6,37.8,37.6,37.6,37.8,36.5,36.1,35.4,34.9
2024,7,30,43.6,27.7,24,18,17.4,17.2,39.4,34.5,39.4,36.5,43.4,42.9,45.1,46.1,45,44.2,44.6,41.7,43.7,42.7,41.1,36.2,35.4,33.3
2024,7,31,35.6,40.1,35.7,30,28.3,31.7,34.9,33.9,35.9,35.5,33.9,33.3,33.1,41.8,44.1,35.6,37.3,36.9,37,43,37,29,28.8,21.9
2024,8,1,34.1,33.7,32.8,23.2,27.2,31.4,33.5,34.1,36,39.3,36.5,36.7,42.2,41.9,42.1,42.9,41.4,41,42.7,41.7,39.8,39.9,33,32.7
2024,8,2,38.4,38,19.2,25.2,15,32.5,28.2,31.5,38.1,40.4,38.7,37.1,37.5,41.5,42.1,42.3,39.1,37.8,42.2,45.6,40.9,42.7,35.7,32.7
2024,8,3,42.7,37,32.2,34.4,33.4,29.3,19.7,29.9,33.3,34.8,36.1,37.8,36.1,27.7,38.8,36.4,36.6,40.1,37.7,34.6,39.8,42.1,35.2,32.2
2024,8,4,30.2,28.5,38,44.6,42.6,29.5,25.9,37.6,33.2,39.8,40.1,38.2,39.6,39.3,38.1,39,40.6,39.3,36.6,41.2,37.4,34.2,33.5,31.5
2024,8,5,31.8,30.7,37.1,29.4,26.1,24,18.5,30.9,35.1,29.8,31.9,31.9,32.4,31.3,30.2,31.8,31.1,31.5,29.8,29,35.9,27.4,39,40.3
2024,8,6,33.8,29,32.2,25,23.6,23.6,23.8,26.4,26.3,31.4,28.2,30.9,27,27.3,28.6,36.1,30.5,29.2,30.3,25.6,25.7,31.5,35.5,22.2
2024,8,7,26.8,14.5,13.7,12.8,11.2,22.6,42.6,36.2,37.9,36.8,31,35.8,36,34.6,42.9,46.4,45.1,44.3,37.5,36.1,32.7,33.9,26.2,23.5
2024,8,8,34.4,28.2,30.6,25.4,25.4,33,23,33.3,42.3,38.5,40.5,39.8,41.3,41.1,42.2,40.8,43.2,38.8,43.7,43.2,40.4,38.9,36.5,24.6
2024,8,9,32,31.2,30.8,30.4,32.1,32.1,30.1,24.1,41,37.9,39.7,39.1,43.1,41.7,41.4,41.7,43.9,41.7,38.1,41.3,39,38.6,32.4,20.9
2024,8,10,25.4,28.4,32.2,29.8,30.3,30.6,39.9,19.9,31,36.6,34.5,36.3,42.3,41,40.6,37,36.5,35.7,38.4,42.9,37.4,42,41.3,27.9
2024,8,11,21.1,37.9,17.4,28,26.9,31.2,27.5,26.7,25.9,38.4,36.4,36.8,38.8,44.7,43.1,43.5,45,43.5,43.3,47.4,38.3,37.1,36,35.2
2024,8,12,26.3,25.7,30.7,27.1,27.2,27.6,27.9,29.8,36,35.2,38.1,39.4,40.9,41.1,43.9,41.1,40.8,41,41.8,41.9,41.3,40.5,38.7,42.3
2024,8,13,41.6,41.8,32.8,31.7,32.3,34.4,37.5,30.9,41.2,39.4,40.9,36,40.7,39.9,37.2,40.1,40.6,43.2,26.7,32,36.5,36.6,34.6,36.6
2024,8,14,25.3,37.2,34.2,37.3,30.6,27.1,27.3,32.4,38.7,39.2,38.5,41.9,39.3,45.1,41,41.9,37.8,37.4,40.2,41.9,32.8,35.6,32.1,35.3
2024,8,15,22.7,25.3,32.3,32.3,30.2,28.4,31,30,36.1,36.6,34.2,38.6,44.7,43.6,46.1,43.9,43.3,43.3,44.8,43,35.3,33.9,37.1,34
2024,8,16,26.9,29.7,26.4,24.6,21.4,28,36.7,27.8,38.1,34.8,38.8,40.4,45.4,45.3,44.1,43.7,41.2,42.8,40.9,45,24.6,29.2,29.3,26.8
2024,8,17,33.8,34.4,30,36.3,31.5,28.7,25,28.5,33.2,33.3,36.7,38,37.9,36.6,36.4,36.5,37.5,35.2,35.8,42,29.1,32.6,32.1,39.3
2024,8,18,36.8,30,39.9,38.9,37.7,40.1,40.3,32.3,33.2,34.7,24.4,23.4,35.9,41.1,40,41.8,40.1,41.2,39,39.9,6.6,30.7,39.4,33.7
2024,8,19,31,34,29.3,35.5,34,32.4,40,32.4,34.4,34.4,29.6,35.1,41.8,43.7,43.8,45.1,46.2,38.1,37.3,44.2,24.8,24.9,14.3,16.3
2024,8,20,15.9,20.1,19.9,35.7,23.8,23.3,14.4,17.2,23.5,26.3,24.5,22.7,22.8,31.8,32.2,29.9,31.9,31.9,27,30.5,30.6,26.8,18.9,25.9
2024,8,21,23.3,17.7,29.1,15.1,24.6,16.7,16.1,17,37.1,19.4,20.5,17.9,25.4,27.3,27.2,27.2,27.2,26.9,26.3,27.3,24.6,35.8,23.1,31.6
2024,8,22,22.1,19.6,17.1,17.3,20.5,17,14.8,21.5,30.2,32.9,27.4,24.4,26.5,27.1,30.7,31,30.3,35.9,27.7,28.6,26.5,23.4,20.9,20.1
2024,8,23,21.8,22.7,22.9,26.1,25,28.2,27.7,23.1,35.2,30.4,36.7,37.5,35.6,32.2,32.8,30.6,30.4,30.4,28.1,30.9,27.2,26.6,26.8,25.4
2024,8,24,27.6,32.8,23,24.4,35.4,21.8,10.3,23.4,26.2,28.1,27.6,27.1,29.7,28.7,34.9,24.4,26.8,24.1,32.3,43.5,38.2,31.4,30.2,28.4
2024,8,25,33.7,31.5,27.7,30.1,39.6,41.3,36,31.9,17.8,16,10.9,22.8,26,23.5,20.5,35.1,32.7,24.7,23.1,37.9,25,15.9,31.2,29.6
2024,8,26,28.2,26.5,26.9,17.8,18.1,40.6,33.3,37.9,34.5,35.3,30,27.5,28.4,29.5,30.1,30,32,30.1,28.2,30.5,22.9,36.9,9.6,17
2024,8,27,26.9,29.9,29.3,35.4,27.2,32,23,26.8,31.5,33.9,29.7,29.5,32.3,38.3,33.2,32.7,33.7,34.4,34.9,29.5,23.3,22.3,21,22.6
2024,8,28,17.6,22.2,39.6,42.3,8.7,36,21.1,11.3,35.5,31,23.9,23.3,24.6,30,31.5,31.5,29.6,29.8,29.1,24.8,24.1,23.1,26.1,34.8
2024,8,29,24.7,30,30.7,23.4,13.9,14,34.4,34.8,32.5,32.1,32.5,34.2,31.8,31.8,29.4,32,29.4,30.3,31,29.7,30.9,28.2,20.6,21.5
2024,8,30,18.3,12.6,11.6,19.9,12.3,21.5,26.9,29.2,30.4,33.1,31.6,38.7,37.2,45.4,32,41.2,40.6,39.8,37.3,41.7,31.1,30.2,22.2,22.3
2024,8,31,19.8,18.3,24,19,17.6,21.3,15.5,24.1,26.9,27.8,28.9,27.9,30.8,33.2,40.9,40.1,30.1,31.9,29.4,33.2,27.8,26.2,36.2,37.2
2024,9,1,29.8,22.7,35,24.3,23.5,27,28.5,23,25.9,19.1,33.1,29.8,27.8,37.3,39.3,36.6,36.9,27.9,27.7,28.7,27.5,26,27.3,34.1
2024,9,2,24.9,22.2,26.2,24.3,22.5,29.2,27.7,29.7,31.7,29,29.1,30.9,32.7,32.6,32.6,31.9,31.9,32.1,29.7,39.3,29.4,35.9,35.9,26
2024,9,3,27.5,22.8,23.4,24.1,36.5,25,27.8,31.2,27,36.5,26.5,27,27.5,27.1,28.5,25.1,28.2,28,26,28.9,26.5,36.6,32,35.6
2024,9,4,23.2,23.2,24.6,22.7,26.2,26.4,27.2,28.3,28.5,29,29.9,30.3,26.3,29.9,29.9,30.1,29.5,29.6,32.6,30.6,37.9,34.8,29.8,29.2
2024,9,5,25.1,24,25.4,35.6,34.5,26.5,17.3,23.2,28.7,30.6,25.1,28,24.9,31.7,30,27.9,26.5,26.4,27.5,33.2,39.4,31.6,32,37.4
2024,9,6,30.7,28,27,33.6,23.1,32.8,27.1,29.2,28.7,27,30.8,29.3,28.9,41.5,32.9,31.1,25.2,29.4,39.1,46.3,37,32.5,29.7,30.6
2024,9,7,17.3,14.6,24.9,22.8,24.3,15,10.8,17.1,24.4,29.6,30.5,28,31.2,31.8,34.3,33.9,35.2,35,38.1,41.2,25.6,33.3,19.7,25.1
2024,9,8,21.7,23.2,26.2,22.2,24.8,29.9,15.2,19.9,25.5,25,31.8,31.4,32.1,34.3,31.9,31.9,39.7,39.8,39.8,39.6,30.1,32.7,31.8,30.5
2024,9,9,26.1,21.5,19.9,33.5,23.6,13.1,6.7,21.4,24.2,35.6,31.8,36,29.7,31,30.5,33.9,37.2,36.7,33.9,28.6,27.2,29.7,25.9,25.4
2024,9,10,25.9,18.9,32,16,13.4,24.6,29.5,38.7,29.2,36.9,30.6,29.1,28,31.7,30.3,32.1,32.1,35.4,30.5,31.8,29.7,33.6,28.8,26.4
2024,9,11,28.2,17.3,21.8,23.2,23.2,27.9,26.9,28.2,29.4,29.2,30.9,30.9,30.7,31.7,29.6,35.4,34.8,36.5,35.8,29.5,26.7,30.5,25.1,30.5
2024,9,12,24.4,19.2,18.6,19,23.2,18.5,30.6,26.1,30.7,20.7,37.4,33.3,37,34.4,32.5,31.5,35.9,33.9,32,29.2,33.2,31.1,21.7,24.4
2024,9,13,28.4,17.4,19.6,20.9,7.8,27.3,20.8,26.6,27.2,36,33.4,26.6,31,31.3,32.2,32.2,32.3,35,32.3,32.2,32.4,32.2,21.3,26.6
2024,9,14,20.5,18.4,16.6,20.8,31.9,25.7,23.1,27.8,28.3,15.1,15.3,18.5,25.5,35.3,35,34.7,34.8,35.4,37.4,34.6,33.4,32.3,35.8,36.1
2024,9,15,25,28.4,27.6,32.3,29.9,28.5,26,33.5,27.5,24.1,28.8,29.6,29.5,28.4,25,14.3,27.8,27.7,26.4,23.2,25.3,30,28.2,26.6
2024,9,16,22.1,17.5,22.7,34.3,24.4,18.1,25.8,27.4,30.5,30.8,30.8,26.2,24.8,25,26.8,24.8,27.4,26.6,26.8,28.9,26.3,24.9,23.2,29.1
2024,9,17,23.9,20.5,19.9,19.3,20.3,21.8,24.1,28.4,28.6,30.2,29.8,30.2,28.2,30.8,31,31.2,30.3,30.3,30.4,35.4,41.1,33,44.8,34.5
2024,9,18,39.3,28.2,25.5,27.3,20.5,24.6,21.9,22.7,20.9,30.1,27.1,21.9,30.8,31,30.9,31,30.7,30.1,30,29.7,32.1,28.5,28.9,31.4
2024,9,19,17.7,23.9,19.8,20.6,11.5,17.3,31.2,32.9,27.7,17.5,26.2,29.8,30.3,36.3,31.4,29.6,28.8,30.5,30.4,33.9,34.1,31.8,21.5,21.1
2024,9,20,20.2,10.1,26.7,15,20.1,22.6,30.2,31.7,29.9,28.4,30.4,30.5,32.1,36.6,35.3,35.4,32.2,32.3,31.8,41,36.8,29.5,18.8,18.8
2024,9,21,9.2,5.5,12.9,22.6,16.5,24.5,15.1,26.1,21.9,28,33.1,32.2,28.1,45.2,43.7,34.2,31,30.7,32.6,35.2,29.4,31,21.7,23.7
2024,9,22,21.8,19.6,24.2,21.9,27.9,28,28,29.9,25.5,31.1,29.7,27,25.9,28.9,26,28.8,28.4,29.6,30.5,39.4,33.1,30.1,25.4,31.2
2024,9,23,31.5,29.3,29.4,31.9,30.1,24.4,28.2,16.7,18,29.1,29.5,29.5,30.1,30.3,32.4,30.3,31.1,30.3,29.6,27.8,30.6,27.7,30.5,27.9
2024,9,24,27,13.9,20.3,18.6,18,28,20.5,26.3,28.4,36.5,33.6,20.8,34.2,33.5,38.3,35.8,35.7,35.5,39,36.2,34.6,36.8,21.9,22.2
2024,9,25,27.4,19.6,17.5,11.8,11.3,21.3,19.3,18.6,24.6,28.7,32.7,33.2,32.2,36.8,34.8,35.8,38.5,36.7,33.8,39.8,31.3,31.1,20.1,20.5
2024,9,26,9.4,18.4,18.2,19.1,18.9,27.6,25.6,23.6,22.7,23.1,23.3,20.8,25.7,22,28.3,28.9,39.5,37.8,32.8,31.8,27,27.5,19.9,23.4
2024,9,27,9,10.3,12.7,8.3,8.2,7.6,22,24,23.2,28.4,24.7,24.5,31.3,34.2,25.2,29.8,29.9,31.9,32.7,34.1,37.4,33.4,33.3,29.2
2024,9,28,21.1,26,26,33.2,25.9,20.4,27.4,22.6,27.4,29,21.5,20.5,27.6,30.6,32.4,33.1,34.8,33.9,34.4,43.4,34,23.2,14,40
2024,9,29,16.8,19.2,25.6,20.4,17,16.3,5.3,15.2,21.4,24.8,32.2,32.4,36.7,38.8,25,27.7,26.3,26.2,28.7,25.9,24.4,25.2,18.9,19.9
2024,9,30,28.9,18.1,19.2,25.8,17.9,16.2,25.9,33.9,39.3,38.7,33.3,33.3,29.8,36.5,35.3,36.8,37.7,29,34.9,35.2,12.7,34.7,20.8,31.5
2024,10,1,18,10.9,12.2,18.9,17.1,24,28.8,35.4,26,26.4,20.5,24.8,22.1,33.5,35.4,34.2,34,33.9,32.7,43,35.6,29.4,17.6,27.4
2024,10,2,37.3,40.2,19.7,18,27.8,24.9,28.7,15.6,16.1,16.9,21,20.8,27.7,34.4,31.2,32.8,33.9,31.8,30,28.2,36.4,32.3,19.3,26.5
2024,10,3,20.6,25.5,26.3,17.8,15.9,29.7,30.3,28.9,31.2,34.7,30.7,30,26.8,26.4,27.3,40.9,38.5,35.2,31.2,36.2,29,30.6,23.3,22.4
2024,10,4,25.4,19.2,23.6,28.2,16,34.7,26.6,16.1,24.6,27.7,40,30,28.5,31.3,32,31.7,33.4,31.4,35.7,36.4,35.7,33.2,25.7,29
2024,10,5,18.9,22.9,19.5,12.4,13.1,20,14,20.9,26.9,28.8,30.1,30.8,36.2,37,35,29.8,38,33,35.2,36.3,31.1,29.7,23,21.7
2024,10,6,24.7,18.8,31,21.2,22.7,34.3,17.5,28.8,24.8,39.8,36.6,32.5,20.5,28.5,27.5,26.8,19.1,43.6,45.9,38,37.5,32.5,26.8,32.7
2024,10,7,34.6,30.5,24.2,21.3,15.2,29.9,23.6,27.4,29.9,37.6,37.8,32,29.9,31.2,31.3,30.4,30.1,30.4,35.3,32.9,41.3,40.4,26.6,34.3
2024,10,8,21.6,10.8,8.6,10.5,25.7,29.2,31.9,30.4,31.5,31.8,30.6,30.9,31,30.6,34.5,35.4,36.6,33.3,32.1,32.3,37.2,36.8,19.1,15.4
2024,10,9,26.3,18,24.4,29,26.7,28.8,13.8,23.4,29.3,29,28.1,28.4,28.3,29.9,29.1,28.4,28.2,28.6,13.2,27.4,38.3,37.3,29,31.4
2024,10,10,23.1,12.5,12.3,14.2,5.7,15.4,12.1,27.1,32.8,39.8,39,37.7,37.5,37.5,35,35.1,35.2,37.5,37.4,38,37.1,36.7,7.2,24.2
2024,10,11,28.7,34.9,31.5,32.5,18.8,31.2,25.3,29.2,29.8,39.4,28.3,25.2,25.5,27.7,32.4,30.4,27.4,29.5,28.3,27.3,39.8,40.8,16,22.1
2024,10,12,30,6.7,10.3,8.9,16.4,10.7,11.8,9.3,32.1,36.3,39.3,36.2,29.8,32.6,32.6,35.8,35.8,32.7,40,32.4,34.6,35.1,23.2,22.4
2024,10,13,28.7,4.9,15.8,15.5,16.4,21.9,12.5,32.4,31.4,42.3,41.6,40.7,40.9,35.3,35,34.4,28.4,28.2,27,23.6,35,41.8,39.5,28.7
2024,10,14,34,32.3,31.6,25.9,25.9,5.9,5.9,6.7,6.7,6.6,9.3,38.5,40.6,45.1,43.5,44.8,40.4,40.1,44.7,40.8,39.9,41.3,26.3,26.3
2024,10,15,25.3,20.4,22.6,22.8,18.6,28,30.4,26.5,29,43.6,36.2,38.1,39.5,35.4,36,41.1,38.8,37.9,40.9,40.9,39,37.8,38.7,35.5
2024,10,16,37.9,35.7,35,36.5,25.2,37.5,34.1,34.8,30.9,35.4,37.8,33.4,28.9,31.7,31.8,32.4,33.9,34.9,32.9,26,40,38.9,22.5,26.2
2024,10,17,25.1,36.4,23.8,20.8,22.8,30.2,37.2,32.3,39.2,41.6,38.7,40.3,44.1,43.7,39,37.4,37.7,40.6,42,40.8,37.5,39,33.1,30.1
2024,10,18,30.2,34.1,32.7,31.1,32.1,38.7,29.4,30.5,34.8,41.3,42.9,39.5,35.4,36,37.1,37.3,38.9,38.2,34.8,33.8,33.1,37.2,28.5,27.9
2024,10,19,26.4,26.9,14.3,13,18.9,19.6,23.3,36.5,38.6,36.6,38.5,38.6,43.1,39.1,38.9,39.9,38.3,41.6,32.8,38.7,40.8,41.2,34.5,23.1
2024,10,20,27.8,32,24.4,25.3,23.1,18.3,19.2,20.9,37.6,39.6,41.6,31.8,31.4,40.9,42.4,39.8,37.1,41.5,44,44.3,36,37.2,26.7,33.5
2024,10,21,34.2,26.7,30.2,26.1,24,36.5,36,31.3,32.2,36.8,35.2,30.9,36.8,36.8,38.6,40.9,37,37,36.8,32.3,39.5,32.8,5.7,10.1
2024,10,22,21.4,20.2,26.3,17.1,21.2,28.8,37.3,34.6,22.2,43.6,32.6,33.6,31.3,29.8,25.9,26.5,32.5,30.1,30.1,34.9,31.1,32.7,27.1,27.9
2024,10,23,18.5,22.3,20.7,20.4,13.5,26.9,30.8,31.6,41.5,31.5,19.3,21.8,25.5,18.8,15.3,18.4,16.9,13.1,22.8,37.5,32.2,32.7,21,21.3
2024,10,24,10.6,17.1,14.4,16.3,10.3,12.6,31.6,25.8,34.2,35.6,34.9,31.8,34.5,39.4,37.7,37.1,15.2,15.6,15.5,39.4,40.4,38.8,30.7,28.4
2024,10,25,10.5,10.3,14.5,10,13.1,29.7,24.8,19.9,30,28.8,28.8,33.5,34.3,36.1,29.1,33.5,31.9,32.4,31,27,15.3,17.4,18.7,19.6
2024,10,26,14.8,31.5,22.6,26.9,26.5,13.9,16.8,20.5,25.2,23.8,29,28.5,26.1,25.4,25.2,25.4,31.9,28.4,28.5,28.8,28.7,32,19,29
2024,10,27,18.8,14.2,12.7,19.7,9.2,28.4,25.8,26.5,27,31.4,37.6,30.5,23.4,24.1,35.7,33.8,39.3,38.2,38.3,38.6,36.6,39.6,14.8,17.1
2024,10,28,27.1,19.8,23.2,26,23,19.8,39.5,23.5,36.8,35,38.4,35.4,37.3,37.2,38.4,37.8,36.3,34.7,30.7,35.6,34.6,31,27.5,35.5
2024,10,29,19.5,23.5,12,13.2,13.2,18,20.3,20.6,33.6,32.5,31.1,31.6,29,29.7,36.3,36.2,29,30.8,31.6,31.3,34.6,34.8,30.6,16.8
2024,10,30,25.1,19.8,19.7,24.5,27.5,31.8,40.9,13.8,31.2,17.9,25,21.3,34.6,34.8,33.5,34,31.7,31,28.3,28.2,26.9,27.5,25.5,24
2024,10,31,15.8,16.1,15.9,17.6,17.1,23.9,27,19.1,40.3,44.2,41.7,40.2,32.2,42.1,42.1,37.3,41.5,39.7,40,34.3,34.3,42.9,24.2,25.4
2024,11,1,24.3,35.3,20.2,17.6,19.4,31,33,27.4,30.9,30.4,29.4,30.6,30.1,30.5,31,36.4,36.2,36.1,36.4,35.4,47.2,27.3,39.1,37.6
2024,11,2,35.7,44.4,23.4,22.1,25.4,28.2,39.5,32.6,37.4,27.5,30.9,24.7,20.4,31.8,29.1,34.8,32.7,32.8,34.5,36.1,32.9,32.5,13.7,21.8
2024,11,3,45.2,18.5,17.4,21.3,28.2,21.2,18.3,33,36.6,35.1,35.1,17,20.1,31.8,35.2,33.8,33.4,39.8,43.3,38.9,39.6,33.9,25.6,19.5
2024,11,4,28.1,41.5,14.5,23.7,12.2,13.2,35.9,30.6,34.7,37.4,37.9,35,35.3,35.3,35.2,35.3,35.8,39.1,38.7,35.6,38.5,35.3,35.9,31.7
2024,11,5,24.3,25.1,20.5,21.9,27.2,20.4,23.8,23.3,29.8,35,38.9,36.1,38.9,36.4,36.8,36.7,37.2,37.8,35,36.9,37.5,36.8,35.2,31.6
2024,11,6,34.7,22.4,16.6,19.9,16.1,23.3,28,30.9,32.5,36,36,35.5,35.6,35,35.5,35.6,35,37.6,36,38.4,35.4,37.4,37.3,25.6
2024,11,7,35,23.2,26.1,25.7,25.1,19.6,25.4,23.4,27.9,30.2,34.5,31.1,33.9,13.9,28.6,27.9,27.3,28.1,33.6,35.9,33.1,33.5,32,15.9
2024,11,8,12.6,16.7,22.5,10.1,8.4,10.1,22.2,24,35.1,35.2,36.6,35.1,35.3,27.3,27.2,27.4,27.5,27.9,31.2,35.7,35.3,36.1,34.6,27
2024,11,9,21.4,19.3,18.6,20.4,15.9,5.2,11.8,26.6,19.1,22.8,23.1,23,22.9,23.1,26.2,31.7,26.7,35.2,36,35,32.8,32.4,33.2,24.3
2024,11,10,24.8,21.3,6,22.1,19.5,21.4,22.4,22.7,30.8,27.6,24.4,31.4,34.9,32.4,32.1,29.8,31.8,28.4,29.5,35.7,27.2,31.2,26.9,30.1
2024,11,11,21.1,26,26.5,26.2,23,22,34.3,36.6,36,34.8,36.4,40.2,40.3,42.1,41.9,42.4,37.9,35,38.6,39.8,39.8,39.7,36.1,22.4
2024,11,12,18.2,16.6,16.5,10,14.7,19.7,22.9,30.6,34.8,24.1,24.2,18,29.6,33.3,30.4,31,30.4,34.7,32.9,33.1,32.9,33.4,34.9,27.7
2024,11,13,21.7,10.7,5.7,5.5,4.7,3.8,24.6,27.2,29,28.9,29.4,29.9,29.7,35.9,36.5,33.8,33.8,40,39.3,39.1,39.1,37.9,35.7,27.5
2024,11,14,23,14.6,7.4,10.5,5,5.9,23.8,35.6,32.4,36.2,32.1,32,34,34,34,39.6,38,37.9,37.1,37,37,37.7,30.3,25.9
2024,11,15,24.8,13.6,9.7,16.2,10.7,20.6,21.6,22.7,29.6,31.4,29.9,25.8,34.3,34.9,35.1,35.5,35.1,34.7,35.1,38.4,38.8,37.7,34.3,29.9
2024,11,16,26.7,14.6,16,11.8,11.5,11.9,10.3,25.5,28.3,18,26.5,25.2,26.1,26.5,31.3,29.1,29.3,30.8,29.8,30.2,30.2,31.5,31.3,16.1
2024,11,17,20,29.5,10.7,7,14.3,8.8,6.7,16.3,21.2,38.9,27.8,29.1,28.8,31.1,30.3,28,27.8,30.9,29.5,29.4,29.6,29.1,27.6,25.1
2024,11,18,24.1,19.3,21.3,20.1,11.7,21.3,24.7,35.2,33.4,37.4,33.8,33.7,33.2,35.7,35.7,35.5,35.5,25.4,36.4,40.4,40.3,37.6,36.5,27.8
2024,11,19,31.4,29.1,31.2,34.4,32.8,31,18.9,16.4,32.4,33.4,33.6,33.5,33.2,29.1,26,26,25.6,26.2,26.2,33.4,33.8,33.4,39,35.5
2024,11,20,38.4,27.1,28.4,27.8,21,20.4,31.6,28.8,33.6,32.1,38.5,38.6,40.2,40.6,40.8,40.6,39,38.8,39.4,41.2,38.9,39,36.1,27.5
2024,11,21,30.3,33.5,35,28.6,28.5,24.6,22,34.1,35.8,37.5,37.3,37,37.6,36.2,36.4,36.6,36.4,38.1,36.8,36.3,36.4,36.9,36,30.5
2024,11,22,17.2,26.1,24.4,26.4,15.8,21.2,28.6,28.5,37.1,37.3,37.1,37.6,38,38.1,37.9,37.4,37.4,39.1,37.8,37.7,37.5,37.2,37.4,24.9
2024,11,23,36.7,26,36.3,27.7,25.5,38.5,25.5,33.1,36,35.9,36.1,37.1,36.4,37.3,37.3,38.2,36.8,37.5,39.4,37.5,13.5,13.4,13.3,17.7
2024,11,24,17.6,29.2,28.6,35.1,23,23.8,24.4,25.5,20.5,17.9,23.2,17.6,19.4,6.7,13.5,19.5,19.9,21.9,30.9,35.2,31.3,28.1,27.6,33.9
2024,11,25,20.2,13,17.2,9.1,10.2,11.8,11,26.3,27.1,27.9,27.9,27.9,27.9,30.4,30.2,30.3,29.4,33,30,30,28.8,41.9,35.2,25.1
2024,11,26,19.3,18.5,28.5,26.7,12.9,20.7,22.1,27.8,24.6,25.7,23.3,28.3,32.7,26,23.3,22.8,21.7,21,27.4,28.3,29.6,26.3,25.4,9.9
2024,11,27,19.9,15.7,12.5,17.3,17.8,13.2,26.3,22.3,27.6,31,22.5,22,20.1,20.9,22.7,21.2,20.2,22.4,28.5,30,31.4,31.8,26.1,14.4
2024,11,28,17.8,26.3,16.4,22.9,16.5,18.7,12.3,15.5,14.6,18.2,24.1,22.1,23.6,25.4,23.7,16.1,16.4,20.4,27.9,25.4,22.7,22.7,24,12.8
2024,11,29,10.2,30.8,18.6,15.7,18.8,18.8,13.1,33.7,28,36.4,33,33.1,32.6,31.2,36.5,34.3,34.1,34.5,32.5,32.8,29,29.3,29.4,17.7
2024,11,30,26,15.4,28.8,17.6,18.4,21.4,8.4,37.3,24.1,24.2,26.2,22,21.6,20.8,23.6,23.6,22.8,21.9,22.7,22.8,24.8,23.9,22.6,11.2
2024,12,1,18.1,12.8,18.3,13.9,16.5,21.5,19.5,33.9,26.8,33.1,29,24.5,26.7,21.4,23.9,25,26.1,24,24.7,28.4,32,34.1,37.1,13.5
2024,12,2,20.4,20.3,9.5,9.6,13.8,19.2,12.6,41.9,35.9,28.4,28.9,28.1,28.4,27.8,25.6,27.1,24.4,30.8,40.3,18.2,41.8,28,20.4,14.1
2024,12,3,19.2,17.6,14.3,20.1,14,21.2,10.7,23.8,11.3,31.9,33.9,34.5,29.8,27.2,29.4,33.4,26.3,9.6,34.9,38.1,40.8,32.5,14.7,7.9
2024,12,4,15.3,9.8,17.6,17.9,15.1,24.6,29.6,17.8,25.6,19.7,29.9,27.4,30.8,29.1,26.8,26.7,28,24.8,25.4,24.2,36.8,36.6,19.6,25.6
2024,12,5,13.7,24.3,19,21.1,12.1,18.3,14.7,28.3,33.3,24.4,19.9,16.8,20.3,23,24.8,21.2,20.4,20.4,31.3,31.3,21.4,19.8,22.5,21.2
2024,12,6,22.6,12.2,8.3,14.3,11.2,16.7,10,12.7,24.3,26.3,25.3,24.8,26.6,18,22.6,20.4,20.6,21.1,21.7,21.3,21.8,10.5,20.1,19.5
2024,12,7,23.8,5.7,5.1,16.1,15.1,25.7,10.2,11,11.1,11.8,11.8,12,12.3,15.1,12,17.4,13.4,12.6,12.8,12.8,12.9,6,17.9,11.6
2024,12,8,20,13.7,16.8,16.6,18.7,12.8,10.8,11.6,11.9,27.6,18.9,20.4,12.4,11.4,14.9,26.4,13.4,13.2,13.8,13.7,14.5,12.7,12.8,12.7
2024,12,9,13,12.1,6,6,6,15.5,5.8,21.9,21.5,23.4,20.6,20.2,20.8,24.7,23.8,26.1,26.1,25.4,25.6,25.4,29.8,30.4,27.3,27.2
2024,12,10,28.2,28.9,28.5,5.8,13.2,5.4,7.1,32.5,24.4,22.9,22.9,22.9,23.2,21.9,27,27.7,26.5,26.6,28.5,31,31.1,18.2,38.4,22.8
2024,12,11,32.8,23.7,16.1,17.9,3,9.3,13.9,19.6,27,29.9,30.4,25.9,25.9,22,22,22.2,25.1,23.9,32.2,35.8,31.5,30.8,34.1,21.7
2024,12,12,17.7,19.4,19.4,12.5,8.7,19,10.2,27.5,25.5,29.4,28.7,26.6,28.2,26.9,27.1,29.4,24.6,25.8,28.1,28.3,28,40,39.8,9.3
2024,12,13,17.3,12.7,10.9,18,6.1,14.7,14.2,23,24.2,26.4,26.3,27.8,26.3,28.4,28.6,33.3,26.3,26,27,27.2,32.2,24.8,26.9,13.6
2024,12,14,24.3,12.2,23.3,18.4,12.9,18.9,12.1,29.4,25.9,27.1,26.6,29.7,21.7,23.9,30.9,23.3,23.1,25.2,23.6,23.1,29.9,24,22.5,15.4
2024,12,15,14.8,14.7,16.1,23.4,20,12.9,8.9,17.3,16.4,28.2,25.1,22.6,14.5,21.4,25.8,26.6,19.7,25,24.7,26.2,25.2,34.7,24.1,12.2
2024,12,16,14.9,8.8,10.4,10.2,13,12.7,16.1,29.8,27.8,28.5,29.7,26.6,29.4,29,28.9,27.8,27.7,31.3,29.3,29.9,28.2,12.8,8.4,11
2024,12,17,19.4,25.9,29.8,32.2,27.2,25.4,24.5,22.5,19.6,14.6,20.2,27.7,20.5,13.4,19.8,20.3,20.7,20.2,28.2,22.7,37.2,41.5,20.6,21.6
2024,12,18,26.5,15.2,19.5,17.7,15,25.6,8.4,35.8,25.7,32.5,27.5,29.4,44.1,26.7,20.2,19.9,19.8,20,18.7,39.2,40.4,26.3,25.8,18
2024,12,19,22.8,17.3,12.3,25.8,31.8,29.4,30.3,10.9,0.2,0.2,2.5,8.7,35.3,36.6,28.8,25.2,24.7,24.5,25.5,29.5,31.1,23.8,24,25.4
2024,12,20,23.1,16,22.4,20.3,21.5,23.3,26.8,18.6,16.4,25.9,25.7,25.7,27.2,17.9,20.4,24,21.4,13.5,22.8,36.9,30.2,29,24.9,19.5
2024,12,21,20.9,16.5,28.5,27.1,27.3,22,16.6,17.4,29.5,30.8,28.8,30.2,20.3,23.3,27.5,26.2,22.2,23.6,21.6,24,22.7,19.1,23.7,28
2024,12,22,23.7,25.5,30.4,29,25,24.8,18.3,6.9,21,25.2,19.4,19.1,14.4,17.5,29.1,25.7,22,23.9,29.7,31,31.8,31.9,29.6,8.6
2024,12,23,26.5,24.5,18.3,23.2,22.6,14.9,3.6,3.7,23.9,27.6,27.7,28.2,30.5,28.7,28.7,29.1,30.3,28.4,32.6,32.6,32.4,32.3,32.7,28.1
2024,12,24,29.9,27.9,28.2,28.4,28.3,28.2,28.5,29.3,33.5,33.3,33.3,33.3,27.2,28.6,28.7,28.5,27.6,28.2,36.8,35.4,36.5,36.2,34.1,29.4
2024,12,25,29.4,28.9,29.4,29,29.5,29.3,28.9,29.2,35.9,35.7,35.9,35.8,35.6,28.8,28.6,28.5,28.7,29.1,35.3,35.2,35.4,35.5,34.5,29.3
2024,12,26,31,28.6,28.5,28.5,27.9,28.6,29.2,29.6,35.6,35.8,35.6,35.9,35.5,29.9,29,29.8,29,32.9,35.3,35.5,35.6,35.9,35.2,29.7
2024,12,27,29.3,34.7,35.9,34.7,33.6,34.7,30.6,35.4,36.5,36.7,36.6,36.6,35.3,36.6,37.1,36.1,35,36.4,32.8,36.2,34.6,24.7,22.8,28.8
2024,12,28,19.1,21.3,18.7,21.1,19.8,24.8,22.5,26.2,26.8,28.6,28,33.8,32.2,32.8,38.4,27.9,29,28.5,39.4,41.7,38.9,41.8,39.2,27
2024,12,29,32,30.3,33.3,33.7,34.6,33.7,35.1,32.9,30.2,40.3,33.4,30.1,32.8,32.9,36.7,30.7,30.8,31.4,31.6,32.9,33.6,33.6,31.5,35.1
2024,12,30,31.2,33.2,36.5,30.3,35.2,32.1,36.6,31.7,31.7,36.2,32.7,38.7,33.5,35.8,36.6,34.6,33,33.6,34,34.1,32.3,33.9,34.3,40.2
2024,12,31,33.9,29,23,23.4,25.2,26.7,20.5,34.2,38.8,36.5,36.7,36.4,34.8,33.9,33.6,37.1,36.6,37.1,39.5,41.7,45.5,40.5,43.3,31
